{
  "ActivityTitle": "",
  "QuestionStem": "<p class=\"quill-source-editor\">Choose the bar graph that correctly shows the temperature data shown in the table. Select the best answer.</p>",
  "VOIntro": "",
  "Tip": "",
  "Summary": "",
  "options": [
    {
      "AnswerText": "<p class=\"quill-source-editor\">A.  [Example-Option 1]</p>",
      "CannedResponse": "<p class=\"quill-source-editor\">That’s not it.</p>",
      "Feedback": "<p class=\"quill-source-editor\">Be sure to compare the temperatures to the data in the table and not just look at the patterns of the bar graph.</p>",
      "value": 0,
      "CorrectAnswer": false,
      "ImageSrc": "../../../../../img/cards/3_cnlese813847_1706a.jpg",
      "ImageCaption": "A.  Graph 1",
      "imageAlt": "",
      "ImageAlt": ""
    },
    {
      "AnswerText": "<p class=\"quill-source-editor\">B.  [Example-Option 2]</p>",
      "CannedResponse": "<p class=\"quill-source-editor\">That’s not it.</p>",
      "Feedback": "<p class=\"quill-source-editor\">Compare the temperatures in the data table to what this bar graph shows.</p>",
      "value": 1,
      "CorrectAnswer": false,
      "ImageSrc": "../../../../../img/cards/3_cnlese813847_1707a.jpg",
      "ImageCaption": "B.  Graph 2",
      "imageAlt": "",
      "ImageAlt": ""
    },
    {
      "AnswerText": "<p class=\"quill-source-editor\">C.  [Example-Option 3]</p>",
      "CannedResponse": "<p class=\"quill-source-editor\">Well Done.</p>",
      "Feedback": "",
      "value": 2,
      "CorrectAnswer": true,
      "ImageSrc": "../../../../../img/cards/3_cnlese813847_1708a.jpg",
      "ImageCaption": "C.  Graph 3",
      "imageAlt": "",
      "ImageAlt": ""
    },
    {
      "AnswerText": "<p class=\"quill-source-editor\">D.  [Example-Option 4]</p>",
      "CannedResponse": "<p class=\"quill-source-editor\">That’s not it.</p>",
      "Feedback": "<p class=\"quill-source-editor\">The pattern in this bar graph does not match the pattern in the data table of increasing temperatures.</p>",
      "value": 3,
      "CorrectAnswer": false,
      "ImageSrc": "../../../../../img/cards/3_cnlese813847_1709a.jpg",
      "ImageCaption": "D.  Graph 4",
      "imageAlt": "",
      "ImageAlt": ""
    }
  ],
  "FinalCannedResponse": "<p class=\"quill-source-editor\">That's not it.</p>",
  "FinalIncorrectFeedback": "<p class=\"quill-source-editor\">The third table correctly reflects the temperatures in the bar graph.</p>",
  "FinalVOFeedback": "",
  "AudioFromRCE": true,
  "qtype": "mcq",
  "AllowFullScreen": true,
  "AllowRefresh": true,
  "ShowAnswerOption": true,
  "SubmitToTeacherOption": false,
  "optionsAreImages": true,
  "hasInstantFeedback": false,
  "hasCustomAttempts": true,
  "MaxAttempts": "2",
  "Stimulus": {
    "image": {
      "src": "",
      "credits": ""
    },
    "text": {
      "src": ""
    },
    "audio": {
      "src": "",
      "caption": "",
      "credit": ""
    },
    "video": {
      "src": ""
    }
  },
  "audioFile": "../../audio/manifests/config.json",
  "audioSchema": "mcq_audio_schema.json"
}
