{
  "configuration": {
    "name": "widget_032138462303438",
    "title": "",
    "stem": "Choose the bar graph that correctly shows the temperature data shown in the table. Select the best answer.",
    "stemImage": "",
    "stemImageShown": false,
    "feedBack": {
      "attempts": "2",
      "firstWrongHint": "First Wrong Hint Text",
      "finalWrongHint": "The third table correctly reflects the temperatures in the bar graph."
    },
    "options": [
      {
        "image": "../../../../img/cards/3_cnlese813847_1706a.jpg",
        "name": "mc-opt-item-028151441155932844",
        "text": "[Example-Option 1]",
        "capText": "Graph 1",
        "showCapText": true,
        "showAlphaSequence": true,
        "value": "1",
        "isCorrect": false,
        "$$hashKey": "object:1",
        "hint": "Be sure to compare the temperatures to the data in the table and not just look at the patterns of the bar graph."
      },
      {
        "image": "../../../../img/cards/3_cnlese813847_1707a.jpg",
        "name": "mc-opt-item-06761015402153134x1",
        "text": "[Example-Option 2]",
        "capText": "Graph 2",
        "showCapText": true,
        "showAlphaSequence": true,
        "value": "2",
        "isCorrect": false,
        "$$hashKey": "object:2",
        "hint": "Compare the temperatures in the data table to what this bar graph shows."
      },
      {
        "image": "../../../../img/cards/3_cnlese813847_1708a.jpg",
        "name": "mc-opt-item-06761015402153134x2",
        "text": "[Example-Option 3]",
        "capText": "Graph 3",
        "showCapText": true,
        "showAlphaSequence": true,
        "value": "3",
        "isCorrect": true,
        "$$hashKey": "object:3",
        "hint": ""
      },
      {
        "image": "../../../../img/cards/3_cnlese813847_1709a.jpg",
        "name": "mc-opt-item-06761015402153134x3",
        "text": "[Example-Option 4]",
        "capText": "Graph 4",
        "showCapText": true,
        "showAlphaSequence": true,
        "value": "4",
        "isCorrect": false,
        "$$hashKey": "object:4",
        "hint": "The pattern in this bar graph does not match the pattern in the data table of increasing temperatures."
      }
    ],
    "voiceOver": "",
    "tipText": "",
    "downloadLink": "",
    "instantFeedback": false,
    "teacherAnswer": "",
    "inputType": "radio",
    "showCapText": "false",
    "showAlphaSequence": "false",
    "layout": {
      "text": "Main",
      "value": "main"
    },
    "questionImage": ""
  }
}
