{
  "configuration": {
    "title": "<b><em>Read, Write, Share!</b></em>",
    "stem": "",
    "voiceOver": "There are many different kinds of technology that have changed over time. Now you get to choose a kind of technology that you want to find out more about. Choose the steps to find out what to do. ",
    "stemImageShown": false,
    "collectVoiceOver": true,
    "ommitFeedback": true,
    "showArrows": true,
    "revealDirection": "vertical",
    "questionImage": "",
    "imageCaption": "",
    "showImage": false,
    "layout": "3-steps",
    "options": [
      {
        "pressed": false,
        "active": false,
        "revealed": false,
        "revealOnDefault": false,
        "voiceOver": "Work as a group. Ask questions about a kind of technology you would like to find out more about.",
        "itemImage": "",
        "revealText": "Work together.",
        "revealImage": "",
        "buttonText": "Step 1",
        "dummy": false
      },
      {
        "pressed": false,
        "active": false,
        "revealed": false,
        "revealOnDefault": false,
        "voiceOver": "Read books or use the computer to help answer the questions.",
        "itemImage": "",
        "revealText": "Read and answer questions.",
        "revealImage": "",
        "buttonText": "Step 2",
        "dummy": false
      },
      {
        "pressed": false,
        "active": false,
        "revealed": false,
        "revealOnDefault": false,
        "voiceOver": "Write about how your life would be different if that technology had never been made. Use digital tools to help share your writing with your classmates.",
        "itemImage": "",
        "revealText": "Write and Share.",
        "revealImage": "",
        "buttonText": "Step 3",
        "dummy": false
      }
    ],
    "stemImage": "zbmsbdn",
    "tipText": "Remember information from things you’ve done or find information to answer a question. Use digital tools to help share your ideas."
  }

}
