{"ActivityTitle":"<p class=\"quill-source-editor\"><b><em>Read, Write, Share!</b></em></p>","QuestionStem":"","Tip":"<p class=\"quill-source-editor\">Remember information from things you’ve done or find information to answer a question. Use digital tools to help share your ideas.</p>","Summary":"","Stimulus":{"image":{"src":"../../../../../img/cards/zbmsbdn","altText":"","credits":""},"text":{"src":""},"audio":{"src":"","caption":"","credit":""},"video":{"src":""}},"containerType":"main","options":[{"id":"","content":"Work together.","imgSrc":"","reveal":false,"hide":true},{"id":"","content":"Read and answer questions.","imgSrc":"","reveal":false,"hide":true},{"id":"","content":"Write and Share.","imgSrc":"","reveal":false,"hide":true}],"isPracticeInteraction":false,"optionsAreImages":false,"AllowFullScreen":true,"AllowRefresh":true,"audioFile":"../../audio/manifests/config.json","audioSchema":"reveal_audio_schema.json","moduleVersion":"2.8.1","SummaryAltText":""}