{
  "ActivityTitle": "",
  "QuestionStem": "<p class=\"quill-source-editor\">How will these data help you determine whether this is a good location?</p>",
  "Tip": "",
  "Summary": "",
  "no-SampleAnswer": "",
  "SampleAnswer": "<p class=\"quill-source-editor\">You might have answered that data help you describe a place and determine what conditions are like there. This will help you compare your location with a location where the blue penguin already lives.</p>",
  "InstructionText": "",
  "no-InstructionText": "",
  "qtype": "box",
  "AudioFromRCE": false,
  "AllowAudio": true,
  "AllowFullScreen": true,
  "AllowRefresh": true,
  "isPracticeInteraction": false,
  "ShowToolbar": "false",
  "ShowCharacterCount": "false",
  "SampleAnswerMode": "stack",
  "MaxCharacterLimit": "",
  "Stimulus": {
    "image": {
      "src": "",
      "no-src": "",
      "credits": ""
    },
    "text": {
      "src": ""
    },
    "audio": {
      "src": "",
      "caption": "",
      "credit": ""
    },
    "video": {
      "no-src": "",
      "src": ""
    }
  },
  "audioFile": "../../audio/manifests/config.json",
  "audioSchema": "short_text_audio_schema.json",
  "SummaryAltText": ""
}
