{
  "configuration": {
    "name": "widget_043515139606499664",
    "title": "",
    "stem": "How will these data help you determine whether this is a good location?",
    "stemImage": "",
    "stemImageShown": false,
    "feedBack": {
      "attempts": "2",
      "firstWrongHint": "",
      "finalWrongHint": "",
      "correctHint": ""
    },
    "options": [],
    "voiceOver": "",
    "tipText": "",
    "downloadLink": "",
    "instantFeedback": false,
    "teacherAnswer": "They might have answered that data help them describe a place and determine what conditions are like there. This will help them compare their location with a location where the blue penguin already lives.",
    "id": "inputData",
    "userData": "",
    "no-feedbackText": "",
    "feedbackText": "You might have answered that data help you describe a place and determine what conditions are like there. This will help you compare your location with a location where the blue penguin already lives.",
    "questionImage": ""
  }
}
