{
  "configuration": {
    "name": "widget_05085835019107905",
    "title": "",
    "stem": "What are the solutions to the problems?",
    "stemImage": "",
    "stemImageShown": false,
    "feedBack": {
      "attempts": 2,
      "firstWrongHint": "That’s not it. Imagine what would help solve the problem of a messy pile of toys or a kite stuck in a tree. Try again.",
      "finalWrongHint": "That’s not it. Toys can be sorted and organized in a toy box. Someone can climb a ladder to get a kite in a tree.",
      "correctHint": "Well done! Toys can be sorted and organized in a toy box. Someone can climb a ladder to get a kite in a tree."
    },
    "options": [
      {
        "image": "../../../../../img/cards/k_cnlese813816_1891p.jpg",
        "id": "drag1",
        "text": "test1"
      },
      {
        "image": "../../../../../img/cards/k_cnlese813816_1641p.jpg",
        "text": "test2",
        "id": "drag06254969589403199",
        "imageAlt": "In this photo, a bunch of toys are placed neatly inside a box."
      }
    ],
    "voiceOver": "Match the solution to the problem it solves.",
    "tipText": "",
    "downloadLink": "",
    "instantFeedback": true,
    "teacherAnswer": "",
    "showTable": false,
    "imageBased": true,
    "twoLines": false,
    "dispenserLocation": "right",
    "columnCount": 2,
    "titles": [
      {
        "title": ""
      },
      {
        "title": ""
      }
    ],
    "rows": [
      {
        "columns": [
          {
            "type": "image",
            "text": "",
            "image": "../../../../../img/cards/k_cnlese813816_1642p.jpg",
            "column": "1",
            "target": "target1",
            "correctAnswer": ""
          },
          {
            "type": "target",
            "text": "",
            "image": "../../../../../img/cards/k_cnlese813816_1892p.jpg",
            "column": 3,
            "target": "target008462339182250811",
            "correctAnswer": "drag06254969589403199",
            "imageAlt": "This photo shows a ladder standing up in somebody’s yard."
          }
        ]
      },
      {
        "columns": [
          {
            "type": "image",
            "text": "",
            "image": "../../../../../img/cards/k_cnlese813816_1892p.jpg",
            "column": 1,
            "target": "target006020031631314615",
            "correctAnswer": "",
            "imageAlt": "This photo shows a ladder standing up in somebody’s yard."
          },
          {
            "type": "target",
            "text": "",
            "image": "",
            "column": 2,
            "target": "target03581547270676695",
            "correctAnswer": "drag1"
          }
        ]
      }
    ],
    "questionImage": "",
    "titlesPresent": false
  }
}
