{
  "ActivityTitle": "",
  "QuestionStem": "<p class=\"quill-source-editor\">What are the solutions to the problems?</p>",
  "VOIntro": "Match the solution to the problem it solves.",
  "Tip": "",
  "Summary": "",
  "qtype": "ddd",
  "options": [
    {
      "image": "",
      "id": "",
      "cells": [
        {
          "id": "",
          "type": "image",
          "label": "",
          "position": "1",
          "inputData": "",
          "unit": "",
          "hint": "",
          "image": "../../../../../img/cards/k_cnlese813816_1642p.jpg",
          "correctOption": "",
          "imageAlt": ""
        },
        {
          "id": "",
          "type": "target",
          "label": "",
          "position": 3,
          "inputData": "",
          "unit": "",
          "hint": "",
          "image": "../../../../../img/cards/k_cnlese813816_1892p.jpg",
          "correctOption": "drag06254969589403199",
          "imageAlt": ""
        }
      ]
    },
    {
      "image": "",
      "id": "",
      "cells": [
        {
          "id": "",
          "type": "image",
          "label": "",
          "position": 1,
          "inputData": "",
          "unit": "",
          "hint": "",
          "image": "../../../../../img/cards/k_cnlese813816_1892p.jpg",
          "correctOption": "",
          "imageAlt": ""
        },
        {
          "id": "",
          "type": "target",
          "label": "",
          "position": 2,
          "inputData": "",
          "unit": "",
          "hint": "",
          "image": "",
          "correctOption": "drag1",
          "imageAlt": ""
        }
      ]
    }
  ],
  "Stimulus": {
    "image": {
      "src": "",
      "altText": "",
      "credits": ""
    },
    "text": {
      "src": ""
    },
    "audio": {
      "src": "",
      "caption": "",
      "credit": ""
    },
    "video": {
      "src": ""
    }
  },
  "downloadLink": "",
  "instantFeedback": true,
  "teacherAnswer": "",
  "migrated": true,
  "typeWidth": "main",
  "tableHeader": "",
  "columnCount": "2",
  "splitColumn": "one-half|one-half",
  "showUnitText": "true",
  "answerType": "image",
  "headers": [
    {
      "value": "",
      "text": ""
    },
    {
      "value": "",
      "text": ""
    }
  ],
  "draggables": [
    {
      "id": "drag1",
      "text": "test1",
      "image": "../../../../../img/cards/k_cnlese813816_1891p.jpg",
      "imageAlt": ""
    },
    {
      "id": "drag06254969589403199",
      "text": "test2",
      "image": "../../../../../img/cards/k_cnlese813816_1641p.jpg",
      "imageAlt": "In this photo, a bunch of toys are placed neatly inside a box."
    }
  ],
  "questionImage": "",
  "fixedGridLayout": false,
  "optionsAreImages": false,
  "optionsType": "",
  "CorrectCannedResponse": "",
  "CorrectFeedback": "",
  "PartiallyCannedResponse": "",
  "PartiallyCorrectFeedback": "",
  "IncorrectCannedResponse": "",
  "IncorrectFeedback": "",
  "FinalIncorrectCannedResponse": "",
  "FinalIncorrectFeedback": "",
  "CorrectVOFeedback": "Well done! Toys can be sorted and organized in a toy box. Someone can climb a ladder to get a kite in a tree.",
  "PartiallyCorrectVOFeedback": "That’s not it. Imagine what would help solve the problem of a messy pile of toys or a kite stuck in a tree. Try again.",
  "IncorrectVOFeedback": "That’s not it. Imagine what would help solve the problem of a messy pile of toys or a kite stuck in a tree. Try again.",
  "FinalIncorrectVOFeedback": "That’s not it. Toys can be sorted and organized in a toy box. Someone can climb a ladder to get a kite in a tree.",
  "AudioFromRCE": true,
  "isPracticeInteraction": true,
  "AllowFullScreen": true,
  "AllowRefresh": true,
  "ShowAnswerOption": false,
  "SubmitToTeacherOption": true,
  "MaxAttempts": 2,
  "audioFile": "../../audio/manifests/config.json",
  "audioSchema": "drag_drop_table_audio_schema.json",
  "hasInstantFeedback": true,
  "hasCustomAttempts": true,
  "selectedLocale": "en-US"
}
