{
  "configuration": {
    "name": "widget_06591655020988432",
    "title": "",
    "stem": "As part of your design, you want to cut out a paper driver to attach to the top of your car. You want the driver to be correctly scaled to the car as if it were a soapbox derby car. The length of a typical soapbox derby car is 1.2 m. Your model car is 14 cm long. To the nearest centimeter, how tall should your model driver be in order to represent a 1.67-m-tall driver?",
    "stemImage": "",
    "stemImageShown": false,
    "feedBack": {
      "attempts": "2",
      "firstWrongHint": "You can use the ratio between the actual soapbox car and height of the driver to solve for the height of the driver for the model car. Do not forget to round your final answer to the nearest centimeter.",
      "finalWrongHint": "The ratio between the full-sized car and driver is: 1.2 &divide; 1.67 = 0.72. So, the height of the model driver can be calculated as: 14 &divide; 0.72 = 19.4. Therefore, the model driver should be approximately 19 cm tall.",
      "correctHint": ""
    },
    "options": [
      {
        "image": "",
        "name": "FIQ-028151441155932844",
        "id": "Option1",
        "correctOption": "19",
        "unitText": "cm",
        "value": "1"
      }
    ],
    "voiceOver": "",
    "tipText": "",
    "downloadLink": "",
    "instantFeedback": false,
    "teacherAnswer": "",
    "textAlign": "right",
    "showUnitText": "true",
    "paragraph": "<p><span style=\"font-size: 1rem; letter-spacing: 0px; line-height: 1.5;\">Answer: &lt;Option1&gt; tall.</span></p>",
    "questionImage": "",
    "inputType": "single"
  }
}
