{"assets_config":{
  "image_path":"../../../../../img/cards/",
  "audio_path":"",
  "video_path":""
},

  "mapping_data":[
        {
        "source_key_name":"title",
        "target_key_name":"ActivityTitle",
        "source_parent_name":"configuration",
        "target_parent_name":"",
        "iterative": "no",
        "para_tag":"yes",
        "difference_in_index": "0",
        "data_type":"text"
      },
      {
        "source_key_name":"stem",
        "target_key_name":"QuestionStem",
        "source_parent_name":"configuration",
        "target_parent_name":"",
        "iterative": "no",
        "para_tag":"yes",
        "difference_in_index": "0",
        "data_type":"text"
      },
      {
        "source_key_name":"voiceOver",
        "target_key_name":"VOIntro",
        "source_parent_name":"configuration",
        "target_parent_name":"",
        "iterative": "no",
        "para_tag":"yes",
        "difference_in_index": "0",
        "data_type":"text"
      },
      {
        "source_key_name":"image",
        "target_key_name":"stimulus",
        "source_parent_name":"configuration.options",
        "target_parent_name":"videos.video",
        "iterative": "yes",
        "para_tag":"no",
        "difference_in_index": "0",
        "data_type":"text"
      },
      {
        "source_key_name":"referenceId",
        "target_key_name":"videoid",
        "source_parent_name":"configuration.options",
        "target_parent_name":"videos.video",
        "iterative": "yes",
        "para_tag":"no",
        "difference_in_index": "0",
        "data_type":"text"
      },
      {
        "source_key_name":"videoStart",
        "target_key_name":"startTime",
        "source_parent_name":"configuration.options",
        "target_parent_name":"videos.video",
        "iterative": "yes",
        "para_tag":"no",
        "difference_in_index": "0",
        "data_type":"text"
      },
      {
        "source_key_name":"videoEnd",
        "target_key_name":"endTime",
        "source_parent_name":"configuration.options",
        "target_parent_name":"videos.video",
        "iterative": "yes",
        "para_tag":"no",
        "difference_in_index": "0",
        "data_type":"text"
      }

      ]
    }
