{
  "ActivityTitle": "",
  "QuestionStem": "<p class=\"quill-source-editor\">What are the different parts of a map?</p>",
  "VOIntro": "What are the different parts of a map? Move the labels to identify parts of a map.",
  "Tip": "<p class=\"quill-source-editor\">A model can show how something looks or how something works. It can be a drawing or something you build. Use a model to show how things in nature are connected. Observe objects people build. Look for a pattern or something that repeats. Use the pattern to describe what happens, or as proof of an idea.</p>",
  "Summary": "",
  "image": "../../../../../img/cards/ddbg.jpg",
  "layoutType": "",
  "inputType": "",
  "hotSpotWidth": 40,
  "hotSpotHeight": 44,
  "translucent": false,
  "options": [
    {
      "id": "option_1",
      "direction": "left",
      "left": "64.50079239302694",
      "top": 0,
      "target": "drag1"
    },
    {
      "id": "option_2",
      "direction": "down",
      "left": "64.50079239302694",
      "top": "30.704225352112672",
      "target": "drag031298643571460905"
    },
    {
      "id": "option_3",
      "direction": "down",
      "left": 0,
      "top": "8.169014084507042",
      "target": "drag06457623034872382",
      "disabled": false,
      "active": false,
      "status": "active",
      "order": 3,
      "width": 0,
      "detailLayout": "TI",
      "title": "[place holder TITLE]",
      "description": "[place holder DESCRIPTION]",
      "image": "images/placeholder.svg"
    }
  ],
  "draggables": [
    {
      "id": "drag1",
      "label": "<p class=\"quill-source-editor\">map title</p>",
      "image": ""
    },
    {
      "id": "drag031298643571460905",
      "label": "<p class=\"quill-source-editor\">map key</p>",
      "image": ""
    },
    {
      "id": "drag06457623034872382",
      "label": "<p class=\"quill-source-editor\">compass rose</p>",
      "target": "Target1",
      "image": ""
    }
  ],
  "Stimulus": {
    "image": {
      "src": "",
      "altText": "",
      "credits": ""
    },
    "text": {
      "src": ""
    },
    "audio": {
      "src": "",
      "caption": "",
      "credit": ""
    },
    "video": {
      "src": ""
    }
  },
  "instantFeedbackAllowed": false,
  "optionsAreImages": false,
  "optionsType": "text",
  "CorrectCannedResponse": "",
  "CorrectFeedback": "",
  "PartiallyCannedResponse": "",
  "PartiallyCorrectFeedback": "",
  "IncorrectCannedResponse": "",
  "IncorrectFeedback": "",
  "FinalIncorrectCannedResponse": "",
  "FinalIncorrectFeedback": "",
  "CorrectVOFeedback": "Well done! A map title tells you the name of the map. A map key tells you what the colors or symbols mean. A compass rose tells you the directions on the map.",
  "PartiallyCorrectVOFeedback": "",
  "IncorrectVOFeedback": "",
  "FinalIncorrectVOFeedback": "",
  "AudioFromRCE": true,
  "isPracticeInteraction": true,
  "AllowFullScreen": true,
  "AllowRefresh": true,
  "ShowAnswerOption": false,
  "SubmitToTeacherOption": false,
  "MaxAttempts": 2,
  "audioFile": "../../audio/manifests/config.json",
  "audioSchema": "drag_drop_background_audio_schema.json",
  "hasCustomAttempts": true,
  "selectedLocale": "en-US"
}
