{
  "configuration": {
    "name": "widget_015408589822265273",
    "title": "",
    "stem": "What are the different parts of a map?",
    "stemImage": "",
    "stemImageShown": false,
    "feedBack": {
      "attempts": 2,
      "firstWrongHint": "",
      "finalWrongHint": "",
      "correctHint": "Well done! A map title tells you the name of the map. A map key tells you what the colors or symbols mean. A compass rose tells you the directions on the map."
    },
    "options": [
      {
        "image": "",
        "id": "drag1",
        "text": "map title"
      },
      {
        "image": "",
        "id": "drag031298643571460905",
        "text": "map key"
      },
      {
        "image": "",
        "id": "drag06457623034872382",
        "text": "compass rose"
      }
    ],
    "voiceOver": "What are the different parts of a map? Move the labels to identify parts of a map.",
    "tipText": "A model can show how something looks or how something works. It can be a drawing or something you build. Use a model to show how things in nature are connected. Observe objects people build. Look for a pattern or something that repeats. Use the pattern to describe what happens, or as proof of an idea.",
    "downloadLink": "",
    "instantFeedback": true,
    "teacherAnswer": "",
    "questionImage": "../../../../../img/cards/ddbg.jpg",
    "targets": [
      {
        "id": "target1",
        "answer": "",
        "correctAnswer": "drag1",
        "left": "64.50079239302694%",
        "top": 0,
        "linePosition": "left",
        "lineSize": "tiny"
      },
      {
        "id": "target0789792560388717",
        "answer": "",
        "correctAnswer": "drag031298643571460905",
        "left": "64.50079239302694%",
        "top": "30.704225352112672%",
        "linePosition": "down",
        "lineSize": "tiny"
      },
      {
        "id": "target008559063346266105",
        "answer": "",
        "correctAnswer": "drag06457623034872382",
        "left": 0,
        "top": "8.169014084507042%",
        "linePosition": "down",
        "lineSize": "tiny"
      }
    ],
    "twoLines": false,
    "dispenserLocation": "right",
    "imageBased": false,
    "translucent": false
  }
}
