{"type":"ExpLib_Drawing_Tool","contentId":"","playlists":[{"id":"start","trackIds":["ActivityTitle","QuestionStem"]},{"id":"tip","trackIds":["Tip"]}],"tracks":[{"id":"ActivityTitle","clipBegin":"00:00:00.000","clipEnd":"00:00:00.1","src":"../../../../captions/audio/a6949aa2c9c94aadb115b05e94406c00.mp3"},{"id":"QuestionStem","clipBegin":"00:00:00.001","clipEnd":"00:00:07.345","src":"../../../../captions/audio/a6949aa2c9c94aadb115b05e94406c00.mp3"},{"id":"Tip","clipBegin":"00:00:00.000","clipEnd":"00:00:00.001","src":"../../../../captions/audio/a6949aa2c9c94aadb115b05e94406c00.mp3"}]}