{
  "configuration": {
    "name": "widget_09788955399149577",
    "title": "",
    "stem": "What can an engineer design and build?",
    "stemImage": "",
    "stemImageShown": false,
    "feedBack": {
      "attempts": "2",
      "firstWrongHint": "Keep trying. You haven’t chosen all of the correct answers. Try again.",
      "finalWrongHint": "Not quite. Engineers can design and help build bridges, tree houses, and toy robots.",
      "correctHint": "Well done! Engineers can design and help build bridges, tree houses, and toy robots."
    },
    "options": [
      {
        "image": "../../../../../img/cards/k_cnlese813816_1575p.jpg",
        "capText": "",
        "showCapText": true,
        "showAlphaSequence": true,
        "voiceOver": "",
        "value": "1",
        "isCorrect": true
      },
      {
        "image": "../../../../../img/cards/k_cnlese813816_1576p.jpg",
        "capText": "",
        "showCapText": true,
        "showAlphaSequence": true,
        "voiceOver": "",
        "value": "2",
        "isCorrect": true
      },
      {
        "image": "../../../../../img/cards/k_cnlese813816_1577p.jpg",
        "name": "mc-opt-item-05034226468885494",
        "text": "",
        "capText": "",
        "showCapText": true,
        "showAlphaSequence": true,
        "value": "3",
        "isCorrect": true,
        "$$hashKey": "object:3",
        "hint": "",
        "id": "3",
        "voiceOver": ""
      }
    ],
    "voiceOver": "Choose the pictures that show what an engineer can design and build.",
    "tipText": "",
    "downloadLink": "",
    "instantFeedback": true,
    "teacherAnswer": "",
    "questionImage": "",
    "inputType": "checkbox",
    "showAlphaSequence": false,
    "hasImages": true,
    "collectVoiceOver": true,
    "layout": {
      "text": "Main",
      "value": "main"
    }
  }
}
