{
  "ActivityTitle": "",
  "QuestionStem": "<p class=\"quill-source-editor\">What can an engineer design and build?</p>",
  "VOIntro": "Choose the pictures that show what an engineer can design and build.",
  "Tip": "",
  "Summary": "",
  "options": [
    {
      "AnswerText": "",
      "ImageSrc": "../../../../../img/cards/k_cnlese813816_1575p.jpg",
      "ImageAlt": "",
      "ImageCaption": "A.  ",
      "value": 0,
      "CorrectAnswer": true,
      "VOFeedback": ""
    },
    {
      "AnswerText": "",
      "ImageSrc": "../../../../../img/cards/k_cnlese813816_1576p.jpg",
      "ImageAlt": "",
      "ImageCaption": "B.  ",
      "value": 1,
      "CorrectAnswer": true,
      "VOFeedback": ""
    },
    {
      "AnswerText": "",
      "ImageSrc": "../../../../../img/cards/k_cnlese813816_1577p.jpg",
      "ImageAlt": "",
      "ImageCaption": "C.  ",
      "value": 2,
      "CorrectAnswer": true,
      "VOFeedback": ""
    }
  ],
  "CorrectCannedResponse": "",
  "CorrectFeedback": "",
  "PartiallyCannedResponse": "",
  "PartiallyCorrectFeedback": "",
  "IncorrectCannedResponse": "",
  "IncorrectFeedback": "",
  "CorrectVOFeedback": "Not quite. Engineers can design and help build bridges, tree houses, and toy robots.",
  "PartiallyCorrectVOFeedback": "Keep trying. You haven’t chosen all of the correct answers. Try again.",
  "IncorrectVOFeedback": "Keep trying. You haven’t chosen all of the correct answers. Try again.",
  "FinalIncorrectVOFeedback": "Not quite. Engineers can design and help build bridges, tree houses, and toy robots.",
  "FinalIncorrectCannedResponse": "",
  "FinalIncorrectFeedback": "",
  "AudioFromRCE": true,
  "qtype": "mrq",
  "AllowFullScreen": true,
  "AllowRefresh": true,
  "ShowAnswerOption": false,
  "SubmitToTeacherOption": false,
  "optionsAreImages": true,
  "hasInstantFeedback": true,
  "hasCustomAttempts": true,
  "MaxAttempts": 2,
  "Stimulus": {
    "text": {
      "src": ""
    },
    "image": {
      "src": "",
      "credits": ""
    },
    "audio": {
      "src": "",
      "caption": "",
      "credit": ""
    },
    "video": {
      "src": ""
    }
  },
  "audioFile": "../../audio/manifests/config.json",
  "audioSchema": "mrq_audio_schema.json"
}
