{
  "ActivityTitle": "<p class=\"quill-source-editor\">Explore the Atmosphere</p>",
  "QuestionStem": "<p class=\"quill-source-editor\"><strong>4.</strong> Place the name for each layer of the atmosphere on the diagram.</p>",
  "VOIntro": "",
  "Tip": "",
  "Summary": "",
  "image": "../../../../../img/chapter29/tulips.jpg",
  "layoutType": "TEXT",
  "inputType": "checkbox",
  "hotSpotWidth": 40,
  "hotSpotHeight": 44,
  "options": [
    {
      "id": "Target1",
      "direction": "DOWN",

      "left": 36.910994764397905,
      "top": 55.87486358675882,
      "target": "option_1"
    },
    {
      "id": "Target2",
      "direction": "UP",

      "left": 46.596858638743456,
      "top": 64.48890505638414,
      "target": "option_2"
    },
    {
      "id": "Target3",
      "direction": "DOWN",

      "left": 51.43979057591623,
      "top": 35.387413604947255,
      "target": "option_3",
      "disabled": false,
      "active": false,
      "status": "active",
      "order": 3,
      "width": 0,
      "detailLayout": "TI",
      "title": "[place holder TITLE]",
      "description": "[place holder DESCRIPTION]",
      "image": "images/placeholder.svg"
    },
    {
      "id": "Target4",
      "direction": "UP",

      "left": 70.94240837696336,
      "top": 50.52018915969443,
      "target": "option_4",
      "disabled": false,
      "active": false,
      "status": "active",
      "order": 4,
      "width": 0,
      "detailLayout": "TI",
      "title": "[place holder TITLE]",
      "description": "[place holder DESCRIPTION]",
      "image": "images/placeholder.svg"
    },
    {
      "id": "Target5",
      "direction": "DOWN",

      "left": 78.92670157068063,
      "top": 24.445252819206985,
      "target": "option_5",
      "disabled": false,
      "active": false,
      "status": "active",
      "order": 5,
      "width": 0,
      "detailLayout": "TI",
      "title": "[place holder TITLE]",
      "description": "[place holder DESCRIPTION]",
      "image": "images/placeholder.svg",
      "label": ""
    }
  ],
  "draggables": [
    {
      "id": "option_1",
      "label": "exosphere"
    },
    {
      "id": "option_2",
      "label": "mesosphere"
    },
    {
      "id": "option_3",
      "label": "stratosphere",
      "target": "Target1"
    },
    {
      "id": "option_4",
      "label": "thermosphere",
      "target": "Target1"
    },
    {
      "id": "option_5",
      "label": "troposphere",
      "target": "Target1"
    }
  ],
  "Stimulus": {
    "image": {
      "src": "",
      "credits": ""
    },
    "text": {
      "src": ""
    },
    "audio": {
      "src": "",
      "caption": "",
      "credit": ""
    },
    "video": {
      "src": ""
    }
  },
  "instantFeedbackAllowed": false,
  "optionsAreImages": false,
  "optionsType": "text",
  "CorrectCannedResponse": "<p class=\"quill-source-editor\">Well Done.</p>",
  "CorrectFeedback": "<p class=\"quill-source-editor\">The troposphere is the layer of the atmosphere closest to Earth&rsquo;s surface. The stratosphere is above the troposphere. The mesosphere is above the stratosphere. The thermosphere is above the mesosphere and the exosphere is above the thermosphere.</p>",
  "PartiallyCannedResponse": "<p class=\"quill-source-editor\">That's not it.</p>",
  "PartiallyCorrectFeedback": "<p class=\"quill-source-editor\">Think about what you learned about the layers of the atmosphere. </p>",
  "IncorrectCannedResponse": "<p class=\"quill-source-editor\">That's not it.</p>",
  "IncorrectFeedback": "<p class=\"quill-source-editor\">Think about what you learned about the layers of the atmosphere. </p>",
  "FinalIncorrectCannedResponse": "<p class=\"quill-source-editor\">That’s not it.</p>",
  "FinalIncorrectFeedback": "<p class=\"quill-source-editor\">The troposphere is the layer of the atmosphere closest to Earth&rsquo;s surface. The stratosphere is above the troposphere. The mesosphere is above the stratosphere. The thermosphere is above the mesosphere and the exosphere is above the thermosphere.</p>",
  "CorrectVOFeedback": "",
  "PartiallyCorrectVOFeedback": "",
  "IncorrectVOFeedback": "",
  "FinalIncorrectVOFeedback": "",
  "AudioFromRCE": true,
  "isPracticeInteraction": true,
  "AllowFullScreen": true,
  "AllowRefresh": true,
  "ShowAnswerOption": true,
  "SubmitToTeacherOption": false,
  "MaxAttempts": 2,
  "audioFile": "../../audio/manifests/config.json",
  "audioSchema": "drag_drop_background_audio_schema.json",
  "hasCustomAttempts": true,
  "selectedLocale": "en-US"
}
