{
  "configuration": {
    "name": "widget_04182251723129453",
    "title": "Explore the Atmosphere",
    "stem": "<strong>4.</strong> Place the name for each layer of the atmosphere on the diagram.",
    "stemImage": "",
    "stemImageShown": false,
    "feedBack": {
      "attempts": "2",
      "firstWrongHint": "Think about what you learned about the layers of the atmosphere. ",
      "finalWrongHint": "The troposphere is the layer of the atmosphere closest to Earth&rsquo;s surface. The stratosphere is above the troposphere. The mesosphere is above the stratosphere. The thermosphere is above the mesosphere and the exosphere is above the thermosphere."
    },
    "options": [
      {
        "image": "",
        "id": "Target1",
        "direction": "DOWN",
        "left": 36.910994764397905,
        "top": 55.87486358675882
      },
      {
        "image": "",
        "id": "Target2",
        "direction": "UP",
        "left": 46.596858638743456,
        "top": 64.48890505638414
      },
      {
        "image": "",
        "id": "Target3",
        "direction": "DOWN",
        "left": 51.43979057591623,
        "top": 35.387413604947255
      },
      {
        "image": "",
        "id": "Target4",
        "direction": "UP",
        "left": 70.94240837696336,
        "top": 50.52018915969443
      },
      {
        "image": "images/placeholder.svg",
        "id": "Target5",
        "label": "",
        "left": 78.92670157068063,
        "top": 24.445252819206985,
        "disabled": false,
        "active": false,
        "status": "active",
        "order": 5,
        "width": 40,
        "detailLayout": "TI",
        "direction": "DOWN",
        "title": "[place holder TITLE]",
        "description": "[place holder DESCRIPTION]"
      }
    ],
    "voiceOver": "",
    "tipText": "",
    "downloadLink": "",
    "instantFeedback": false,
    "teacherAnswer": "",
    "image": "../../../../img/cards/5_cnlese813861_1078a.jpg",
    "layoutType": "TEXT",
    "inputType": "checkbox",
    "hotSpotWidth": 40,
    "hotSpotHeight": 44,
    "draggables": [
      {
        "id": "drag1",
        "label": "exosphere",
        "target": "Target5"
      },
      {
        "id": "drag2",
        "label": "mesosphere",
        "target": "Target3"
      },
      {
        "id": "drag3",
        "label": "stratosphere",
        "target": "Target2"
      },
      {
        "id": "drag4",
        "label": "thermosphere",
        "target": "Target4"
      },
      {
        "id": "drag5",
        "label": "troposphere",
        "target": "Target1"
      }
    ],
    "questionImage": ""
  }
}
