{
  "configuration": {
    "name": "widget_00985027611588698",
    "title": "",
    "stem": "Use your research to complete the chart. The first two rows are completed for you.",
    "stemImage": "",
    "stemImageShown": false,
    "feedBack": {
      "attempts": "2",
      "firstWrongHint": "Redo your calculations. Try again.",
      "finalWrongHint": "Review the table above for the correct answers. ",
      "correctHint": ""
    },
    "options": [
      {
        "image": "",
        "id": "inputData1",
        "cells": [
          {
            "id": "col1",
            "type": "label",
            "label": "February 29th ",
            "inputData": "",
            "unit": "",
            "hint": "",
            "image": "",
            "position": "1"
          },
          {
            "id": "col2",
            "type": "label",
            "label": "2004",
            "inputData": "",
            "unit": "",
            "hint": "",
            "image": "",
            "position": "2"
          },
          {
            "id": "col-017055295682041516",
            "type": "label",
            "label": "0",
            "position": 3,
            "inputData": "",
            "unit": "",
            "hint": "",
            "image": "",
            "correctOption": ""
          }
        ]
      },
      {
        "id": "inputData1483715073044",
        "cells": [
          {
            "id": "col-06467757398766278",
            "type": "label",
            "label": "February 29th ",
            "position": 1,
            "inputData": "",
            "unit": "",
            "hint": "",
            "image": "",
            "correctOption": ""
          },
          {
            "id": "col-05700968407013594",
            "type": "label",
            "label": "2008",
            "position": 2,
            "inputData": "",
            "unit": "",
            "hint": "",
            "image": "",
            "correctOption": ""
          },
          {
            "id": "col-02170228821366924",
            "type": "label",
            "label": "4",
            "position": 3,
            "inputData": "",
            "unit": "",
            "hint": "",
            "image": "",
            "correctOption": ""
          }
        ]
      },
      {
        "id": "inputData1483715094576",
        "cells": [
          {
            "id": "col-05900955373810759",
            "type": "label",
            "label": "February 29th ",
            "position": 1,
            "inputData": "",
            "unit": "",
            "hint": "",
            "image": "",
            "correctOption": ""
          },
          {
            "id": "col-03919645731973349",
            "type": "inputData",
            "label": "",
            "position": 2,
            "inputData": "2012",
            "unit": "",
            "hint": "",
            "image": "",
            "correctOption": ""
          },
          {
            "id": "col-08841657624957178",
            "type": "inputData",
            "label": "",
            "position": 3,
            "inputData": "8",
            "unit": "",
            "hint": "",
            "image": "",
            "correctOption": ""
          }
        ]
      },
      {
        "id": "inputData1483715102531",
        "cells": [
          {
            "id": "col-04548805300863632",
            "type": "label",
            "label": "February 29th ",
            "position": 1,
            "inputData": "",
            "unit": "",
            "hint": "",
            "image": "",
            "correctOption": ""
          },
          {
            "id": "col-029698569437970934",
            "type": "inputData",
            "label": "",
            "position": 2,
            "inputData": "2016",
            "unit": "",
            "hint": "",
            "image": "",
            "correctOption": ""
          },
          {
            "id": "col-005067554411653319",
            "type": "inputData",
            "label": "",
            "position": 3,
            "inputData": "12",
            "unit": "",
            "hint": "",
            "image": "",
            "correctOption": ""
          }
        ]
      },
      {
        "id": "inputData1483715111268",
        "cells": [
          {
            "id": "col-07621121896553094",
            "type": "label",
            "label": "February 29th ",
            "position": 1,
            "inputData": "",
            "unit": "",
            "hint": "",
            "image": "",
            "correctOption": ""
          },
          {
            "id": "col-07034980061378608",
            "type": "inputData",
            "label": "",
            "position": 2,
            "inputData": "2020",
            "unit": "",
            "hint": "",
            "image": "",
            "correctOption": ""
          },
          {
            "id": "col-000790897024613435",
            "type": "inputData",
            "label": "",
            "position": 3,
            "inputData": "16",
            "unit": "",
            "hint": "",
            "image": "",
            "correctOption": ""
          }
        ]
      },
      {
        "id": "inputData1483715118169",
        "cells": [
          {
            "id": "col-01697004485101179",
            "type": "label",
            "label": "February 29th ",
            "position": 1,
            "inputData": "",
            "unit": "",
            "hint": "",
            "image": "",
            "correctOption": ""
          },
          {
            "id": "col-08964536179960161",
            "type": "inputData",
            "label": "",
            "position": 2,
            "inputData": "2024",
            "unit": "",
            "hint": "",
            "image": "",
            "correctOption": ""
          },
          {
            "id": "col-09340361503196768",
            "type": "inputData",
            "label": "",
            "position": 3,
            "inputData": "20",
            "unit": "",
            "hint": "",
            "image": "",
            "correctOption": ""
          }
        ]
      }
    ],
    "voiceOver": "",
    "tipText": "",
    "downloadLink": "",
    "instantFeedback": false,
    "teacherAnswer": "",
    "migrated": true,
    "typeWidth": "feature",
    "tableHeader": "",
    "columnCount": "3",
    "splitColumn": "one-half|one-half",
    "showUnitText": "true",
    "textAlign": "right",
    "headers": [
      {
        "value": "1",
        "text": "Date"
      },
      {
        "value": "2",
        "text": "Year"
      },
      {
        "value": 3,
        "text": "Lisa's Age"
      }
    ],
    "questionImage": "",
    "fixedGridLayout": false
  }
}
