{
  "ActivityTitle": "",
  "QuestionStem": "<p class=\"quill-source-editor\">Use your research to complete the chart. The first two rows are completed for you.</p>",
  "Tip": "",
  "Summary": "",
  "qtype": "multiple",
  "AudioFromRCE": false,
  "AllowAudio": true,
  "AllowFullScreen": true,
  "AllowRefresh": true,
  "isPracticeInteraction": true,
  "CorrectCannedResponse": "<p class=\"quill-source-editor\">Well Done.</p>",
  "CorrectFeedback": "<p class=\"quill-source-editor\">Review the table above for the correct answers. </p>",
  "PartiallyCannedResponse": "<p class=\"quill-source-editor\">That's not it.</p>",
  "PartiallyCorrectFeedback": "<p class=\"quill-source-editor\">Redo your calculations. Try again.</p>",
  "IncorrectCannedResponse": "<p class=\"quill-source-editor\">That's not it.</p>",
  "IncorrectFeedback": "<p class=\"quill-source-editor\">Redo your calculations. Try again.</p>",
  "FinalIncorrectCannedResponse": "<p class=\"quill-source-editor\">That’s not it.</p>",
  "FinalIncorrectFeedback": "<p class=\"quill-source-editor\">Review the table above for the correct answers. </p>",
  "CorrectVOFeedback": "",
  "PartiallyCorrectVOFeedback": "",
  "IncorrectVOFeedback": "",
  "FinalIncorrectVOFeedback": "",
  "VOIntro": "",
  "tableHeader": "",
  "columnCount": "3",
  "splitColumn": "one-half|one-half",
  "showUnitText": "true",
  "ShowAnswerOption": true,
  "SubmitToTeacherOption": true,
  "hasInstantFeedback": false,
  "hasCustomAttempts": true,
  "MaxAttempts": 2,
  "typeWidth": "feature",
  "headers": [
    {
      "value": "1",
      "text": "Date"
    },
    {
      "value": "2",
      "text": "Year"
    },
    {
      "value": 3,
      "text": "Lisa's Age"
    }
  ],
  "options": [
    {
      "id": "inputData1",
      "cells": [
        {
          "id": "col1",
          "type": "label",
          "label": "<p class=\"quill-source-editor\">February 29th </p>",
          "inputData": "",
          "answer": "",
          "an": "",
          "unit": "",
          "hint": "",
          "image": "",
          "position": "1"
        },
        {
          "id": "col2",
          "type": "label",
          "label": "<p class=\"quill-source-editor\">2004</p>",
          "inputData": "",
          "answer": "",
          "an": "",
          "unit": "",
          "hint": "",
          "image": "",
          "position": "2"
        },
        {
          "id": "col-017055295682041516",
          "type": "label",
          "label": "<p class=\"quill-source-editor\">0</p>",
          "inputData": "",
          "answer": "",
          "an": "",
          "unit": "",
          "hint": "",
          "image": "",
          "position": 3
        }
      ]
    },
    {
      "id": "inputData1483715073044",
      "cells": [
        {
          "id": "col-06467757398766278",
          "type": "label",
          "label": "<p class=\"quill-source-editor\">February 29th </p>",
          "inputData": "",
          "answer": "",
          "an": "",
          "unit": "",
          "hint": "",
          "image": "",
          "position": 1
        },
        {
          "id": "col-05700968407013594",
          "type": "label",
          "label": "<p class=\"quill-source-editor\">2008</p>",
          "inputData": "",
          "answer": "",
          "an": "",
          "unit": "",
          "hint": "",
          "image": "",
          "position": 2
        },
        {
          "id": "col-02170228821366924",
          "type": "label",
          "label": "<p class=\"quill-source-editor\">4</p>",
          "inputData": "",
          "answer": "",
          "an": "",
          "unit": "",
          "hint": "",
          "image": "",
          "position": 3
        }
      ]
    },
    {
      "id": "inputData1483715094576",
      "cells": [
        {
          "id": "col-05900955373810759",
          "type": "label",
          "label": "<p class=\"quill-source-editor\">February 29th </p>",
          "inputData": "",
          "answer": "",
          "an": "",
          "unit": "",
          "hint": "",
          "image": "",
          "position": 1
        },
        {
          "id": "col-03919645731973349",
          "type": "inputData",
          "label": "",
          "inputData": "2012",
          "answer": "2012",
          "an": "",
          "unit": "",
          "hint": "",
          "image": "",
          "position": 2
        },
        {
          "id": "col-08841657624957178",
          "type": "inputData",
          "label": "",
          "inputData": "8",
          "answer": "8",
          "an": "",
          "unit": "",
          "hint": "",
          "image": "",
          "position": 3
        }
      ]
    },
    {
      "id": "inputData1483715102531",
      "cells": [
        {
          "id": "col-04548805300863632",
          "type": "label",
          "label": "<p class=\"quill-source-editor\">February 29th </p>",
          "inputData": "",
          "answer": "",
          "an": "",
          "unit": "",
          "hint": "",
          "image": "",
          "position": 1
        },
        {
          "id": "col-029698569437970934",
          "type": "inputData",
          "label": "",
          "inputData": "2016",
          "answer": "2016",
          "an": "",
          "unit": "",
          "hint": "",
          "image": "",
          "position": 2
        },
        {
          "id": "col-005067554411653319",
          "type": "inputData",
          "label": "",
          "inputData": "12",
          "answer": "12",
          "an": "",
          "unit": "",
          "hint": "",
          "image": "",
          "position": 3
        }
      ]
    },
    {
      "id": "inputData1483715111268",
      "cells": [
        {
          "id": "col-07621121896553094",
          "type": "label",
          "label": "<p class=\"quill-source-editor\">February 29th </p>",
          "inputData": "",
          "answer": "",
          "an": "",
          "unit": "",
          "hint": "",
          "image": "",
          "position": 1
        },
        {
          "id": "col-07034980061378608",
          "type": "inputData",
          "label": "",
          "inputData": "2020",
          "answer": "2020",
          "an": "",
          "unit": "",
          "hint": "",
          "image": "",
          "position": 2
        },
        {
          "id": "col-000790897024613435",
          "type": "inputData",
          "label": "",
          "inputData": "16",
          "answer": "16",
          "an": "",
          "unit": "",
          "hint": "",
          "image": "",
          "position": 3
        }
      ]
    },
    {
      "id": "inputData1483715118169",
      "cells": [
        {
          "id": "col-01697004485101179",
          "type": "label",
          "label": "<p class=\"quill-source-editor\">February 29th </p>",
          "inputData": "",
          "answer": "",
          "an": "",
          "unit": "",
          "hint": "",
          "image": "",
          "position": 1
        },
        {
          "id": "col-08964536179960161",
          "type": "inputData",
          "label": "",
          "inputData": "2024",
          "answer": "2024",
          "an": "",
          "unit": "",
          "hint": "",
          "image": "",
          "position": 2
        },
        {
          "id": "col-09340361503196768",
          "type": "inputData",
          "label": "",
          "inputData": "20",
          "answer": "20",
          "an": "",
          "unit": "",
          "hint": "",
          "image": "",
          "position": 3
        }
      ]
    }
  ],
  "Stimulus": {
    "image": {
      "src": "",
      "credits": ""
    },
    "text": {
      "src": ""
    },
    "audio": {
      "src": "",
      "caption": "",
      "credit": ""
    },
    "video": {
      "src": ""
    }
  },
  "audioFile": "../../audio/manifests/config.json",
  "audioSchema": "fill_in_the_blank_table_audio_schema.json",
  "fixedGridLayout": false
}
