{"type":"NGSS","contentId":"","playlists":[{"id":"final-incorrect-feedback","trackIds":["not-it"]},{"id":"incorrect-feedback","trackIds":["not-it","wrong"]},{"id":"correct-feedback","trackIds":["correct","final-wrong"]},{"id":"correct-answer-shown","trackIds":["correct-shown","final-wrong"]},{"id":"intro","trackIds":["title","stem","question-0","question-1","question-2","question-3"]},{"id":"hint-0","trackIds":["not-it","hint-0"]},{"id":"hint-1","trackIds":["not-it","hint-1"]},{"id":"hint-2","trackIds":["not-it","hint-2"]},{"id":"hint-3","trackIds":["not-it","hint-3"]}],"tracks":[{"id":"not-it","clipBegin":"00:00:00.000","clipEnd":"00:00:01.149","src":"../../../captions/audio/9b41fb3ae249465f87fb6a3af53f945a.mp3"},{"id":"correct","clipBegin":"00:00:01.150","clipEnd":"00:00:01.856","src":"../../../captions/audio/9b41fb3ae249465f87fb6a3af53f945a.mp3"},{"id":"correct-shown","clipBegin":"00:00:01.857","clipEnd":"00:00:03.502","src":"../../../captions/audio/9b41fb3ae249465f87fb6a3af53f945a.mp3"},{"id":"wrong","clipBegin":"00:00:03.503","clipEnd":"00:00:09.329","src":"../../../captions/audio/9b41fb3ae249465f87fb6a3af53f945a.mp3"},{"id":"final-wrong","clipBegin":"00:00:09.330","clipEnd":"00:00:14.972","src":"../../../captions/audio/9b41fb3ae249465f87fb6a3af53f945a.mp3"},{"id":"title","clipBegin":"00:00:14.973","clipEnd":"00:00:14.973","src":"../../../captions/audio/9b41fb3ae249465f87fb6a3af53f945a.mp3"},{"id":"stem","clipBegin":"00:00:14.974","clipEnd":"00:00:22.236","src":"../../../captions/audio/9b41fb3ae249465f87fb6a3af53f945a.mp3"},{"id":"question-0","clipBegin":"00:00:22.237","clipEnd":"00:00:27.409","src":"../../../captions/audio/9b41fb3ae249465f87fb6a3af53f945a.mp3"},{"id":"question-1","clipBegin":"00:00:27.410","clipEnd":"00:00:33.262","src":"../../../captions/audio/9b41fb3ae249465f87fb6a3af53f945a.mp3"},{"id":"question-2","clipBegin":"00:00:33.263","clipEnd":"00:00:39.088","src":"../../../captions/audio/9b41fb3ae249465f87fb6a3af53f945a.mp3"},{"id":"question-3","clipBegin":"00:00:39.089","clipEnd":"00:00:46.038","src":"../../../captions/audio/9b41fb3ae249465f87fb6a3af53f945a.mp3"},{"id":"hint-0","clipBegin":"00:00:46.039","clipEnd":"00:00:46.039","src":"../../../captions/audio/9b41fb3ae249465f87fb6a3af53f945a.mp3"},{"id":"hint-1","clipBegin":"00:00:46.040","clipEnd":"00:00:46.040","src":"../../../captions/audio/9b41fb3ae249465f87fb6a3af53f945a.mp3"},{"id":"hint-2","clipBegin":"00:00:46.041","clipEnd":"00:00:46.041","src":"../../../captions/audio/9b41fb3ae249465f87fb6a3af53f945a.mp3"},{"id":"hint-3","clipBegin":"00:00:46.042","clipEnd":"00:00:46.042","src":"../../../captions/audio/9b41fb3ae249465f87fb6a3af53f945a.mp3"}]}