{
  "type": "ExpLib_MCQ",
  "contentId": "",
  "playlists": [
    {
      "id": "start",
      "trackIds": [
        "ActivityTitle",
        "QuestionStem",
        "optionsAnswerText-0",
        "optionsAnswerText-1",
        "optionsAnswerText-2",
        "optionsAnswerText-3"
      ]
    },
    {
      "id": "Incorrect-0",
      "trackIds": [
        "optionsCannedResponse-0",
        "optionsFeedback-0"
      ]
    },
    {
      "id": "Incorrect-1",
      "trackIds": [
        "optionsCannedResponse-1",
        "optionsFeedback-1"
      ]
    },
    {
      "id": "Incorrect-2",
      "trackIds": [
        "optionsCannedResponse-2",
        "optionsFeedback-2"
      ]
    },
    {
      "id": "Incorrect-3",
      "trackIds": [
        "optionsCannedResponse-3",
        "optionsFeedback-3"
      ]
    },
    {
      "id": "CorrectSingle",
      "trackIds": []
    },
    {
      "id": "tip",
      "trackIds": [
        "Tip"
      ]
    },
    {
      "id": "Correct",
      "trackIds": [
        "CorrectCannedResponse",
        "CorrectFeedback"
      ]
    },
    {
      "id": "Incorrect",
      "trackIds": [
        "IncorrectCannedResponse",
        "IncorrectFeedback"
      ]
    },
    {
      "id": "FinalIncorrect",
      "trackIds": [
        "FinalIncorrectCannedResponse",
        "FinalIncorrectFeedback"
      ]
    },
    {
      "id": "FinalIncorrectSingle",
      "trackIds": [
        "FinalCannedResponse",
        "FinalIncorrectFeedback"
      ]
    },
    {
      "id": "PartiallyCorrect",
      "trackIds": [
        "PartiallyCannedResponse",
        "PartiallyCorrectFeedback"
      ]
    }
  ],
  "tracks": [
    {
      "id": "ActivityTitle",
      "clipBegin": "00:00:14.973",
      "clipEnd": "00:00:14.974",
      "src": "../../../../captions/audio/9b41fb3ae249465f87fb6a3af53f945a.mp3"
    },
    {
      "id": "QuestionStem",
      "clipBegin": "00:00:14.974",
      "clipEnd": "00:00:22.236",
      "src": "../../../../captions/audio/9b41fb3ae249465f87fb6a3af53f945a.mp3"
    },
    {
      "id": "optionsAnswerText-0",
      "clipBegin": "00:00:22.237",
      "clipEnd": "00:00:27.409",
      "src": "../../../../captions/audio/9b41fb3ae249465f87fb6a3af53f945a.mp3"
    },
    {
      "id": "optionsAnswerText-1",
      "clipBegin": "00:00:27.410",
      "clipEnd": "00:00:33.262",
      "src": "../../../../captions/audio/9b41fb3ae249465f87fb6a3af53f945a.mp3"
    },
    {
      "id": "optionsAnswerText-2",
      "clipBegin": "00:00:33.263",
      "clipEnd": "00:00:39.088",
      "src": "../../../../captions/audio/9b41fb3ae249465f87fb6a3af53f945a.mp3"
    },
    {
      "id": "optionsAnswerText-3",
      "clipBegin": "00:00:39.089",
      "clipEnd": "00:00:46.038",
      "src": "../../../../captions/audio/9b41fb3ae249465f87fb6a3af53f945a.mp3"
    },
    {
      "id": "optionsCannedResponse-0",
      "clipBegin": "00:00:00.000",
      "clipEnd": "00:00:01.149",
      "src": "../../../../captions/audio/9b41fb3ae249465f87fb6a3af53f945a.mp3"
    },
    {
      "id": "optionsCannedResponse-1",
      "clipBegin": "00:00:00.000",
      "clipEnd": "00:00:01.149",
      "src": "../../../../captions/audio/9b41fb3ae249465f87fb6a3af53f945a.mp3"
    },
    {
      "id": "optionsCannedResponse-2",
      "clipBegin": "00:00:01.150",
      "clipEnd": "00:00:01.856",
      "src": "../../../../captions/audio/9b41fb3ae249465f87fb6a3af53f945a.mp3"
    },
    {
      "id": "optionsCannedResponse-3",
      "clipBegin": "00:00:00.000",
      "clipEnd": "00:00:01.149",
      "src": "../../../../captions/audio/9b41fb3ae249465f87fb6a3af53f945a.mp3"
    },
    {
      "id": "optionsFeedback-0",
      "clipBegin": "00:00:46.039",
      "clipEnd": "00:00:46.040",
      "src": "../../../../captions/audio/9b41fb3ae249465f87fb6a3af53f945a.mp3"
    },
    {
      "id": "optionsFeedback-1",
      "clipBegin": "00:00:46.040",
      "clipEnd": "00:00:46.041",
      "src": "../../../../captions/audio/9b41fb3ae249465f87fb6a3af53f945a.mp3"
    },
    {
      "id": "optionsFeedback-2",
      "clipBegin": "00:00:46.041",
      "clipEnd": "00:00:46.042",
      "src": "../../../../captions/audio/9b41fb3ae249465f87fb6a3af53f945a.mp3"
    },
    {
      "id": "optionsFeedback-3",
      "clipBegin": "00:00:46.042",
      "clipEnd": "00:00:46.043",
      "src": "../../../../captions/audio/9b41fb3ae249465f87fb6a3af53f945a.mp3"
    },
    {
      "id": "Tip",
      "clipBegin": "00:00:00.000",
      "clipEnd": "00:00:00.001",
      "src": "../../../../captions/audio/9b41fb3ae249465f87fb6a3af53f945a.mp3"
    },
    {
      "id": "CorrectCannedResponse",
      "clipBegin": "00:00:01.150",
      "clipEnd": "00:00:01.856",
      "src": "../../../../captions/audio/9b41fb3ae249465f87fb6a3af53f945a.mp3"
    },
    {
      "id": "CorrectFeedback",
      "clipBegin": "00:00:09.330",
      "clipEnd": "00:00:14.972",
      "src": "../../../../captions/audio/9b41fb3ae249465f87fb6a3af53f945a.mp3"
    },
    {
      "id": "PartiallyCannedResponse",
      "clipBegin": "00:00:00.000",
      "clipEnd": "00:00:01.149",
      "src": "../../../../captions/audio/9b41fb3ae249465f87fb6a3af53f945a.mp3"
    },
    {
      "id": "PartiallyCorrectFeedback",
      "clipBegin": "00:00:03.503",
      "clipEnd": "00:00:09.329",
      "src": "../../../../captions/audio/9b41fb3ae249465f87fb6a3af53f945a.mp3"
    },
    {
      "id": "IncorrectCannedResponse",
      "clipBegin": "00:00:00.000",
      "clipEnd": "00:00:01.149",
      "src": "../../../../captions/audio/9b41fb3ae249465f87fb6a3af53f945a.mp3"
    },
    {
      "id": "IncorrectFeedback",
      "clipBegin": "00:00:03.503",
      "clipEnd": "00:00:09.329",
      "src": "../../../../captions/audio/9b41fb3ae249465f87fb6a3af53f945a.mp3"
    },
    {
      "id": "FinalCannedResponse",
      "clipBegin": "00:00:00.000",
      "clipEnd": "00:00:01.149",
      "src": "../../../../captions/audio/9b41fb3ae249465f87fb6a3af53f945a.mp3"
    },
    {
      "id": "FinalIncorrectCannedResponse",
      "clipBegin": "00:00:00.000",
      "clipEnd": "00:00:00.001",
      "src": "../../../../captions/audio/9b41fb3ae249465f87fb6a3af53f945a.mp3"
    },
    {
      "id": "FinalIncorrectFeedback",
      "clipBegin": "00:00:09.330",
      "clipEnd": "00:00:14.972",
      "src": "../../../../captions/audio/9b41fb3ae249465f87fb6a3af53f945a.mp3"
    }
  ]
}