{"type":"ExpLib_Drop_Down","contentId":"","playlists":[{"id":"start","trackIds":["ActivityTitle","QuestionStem","Stimulus","PreQuestion-0","PostQuestion-0"]},{"id":"tip","trackIds":["Tip"]},{"id":"pre-question-0","trackIds":["PreQuestion-0"]},{"id":"post-question-0","trackIds":["PostQuestion-0"]},{"id":"Correct","trackIds":["CorrectCannedResponse","CorrectFeedback"]},{"id":"PartiallyCorrect","trackIds":["PartiallyCannedResponse","PartiallyCorrectFeedback"]},{"id":"Incorrect","trackIds":["IncorrectCannedResponse","IncorrectFeedback"]},{"id":"FinalIncorrect","trackIds":["FinalIncorrectCannedResponse","FinalIncorrectFeedback"]}],"tracks":[{"id":"ActivityTitle","clipBegin":"00:00:19.152","clipEnd":"00:00:19.153","src":"../../../../captions/audio/04b2d6416e5b49d7acdb9f77b0142b2f.mp3"},{"id":"QuestionStem","clipBegin":"00:00:01.280","clipEnd":"00:00:02.508","src":"../../../../captions/audio/04b2d6416e5b49d7acdb9f77b0142b2f.mp3"},{"id":"Tip","clipBegin":"00:00:00.000","clipEnd":"00:00:00.001","src":"../../../../captions/audio/04b2d6416e5b49d7acdb9f77b0142b2f.mp3"},{"id":"Stimulus","clipBegin":"00:00:00.000","clipEnd":"00:00:00.001","src":"../../../../captions/audio/04b2d6416e5b49d7acdb9f77b0142b2f.mp3"},{"id":"PreQuestion-0","clipBegin":"00:00:47.027","clipEnd":"00:01:13.750","src":"../../../../captions/audio/04b2d6416e5b49d7acdb9f77b0142b2f.mp3"},{"id":"PostQuestion-0","clipBegin":"00:00:00.000","clipEnd":"00:00:00.001","src":"../../../../captions/audio/04b2d6416e5b49d7acdb9f77b0142b2f.mp3"},{"id":"QuestionOption-0-0","clipBegin":"00:01:13.751","clipEnd":"00:01:13.752","src":"../../../../captions/audio/04b2d6416e5b49d7acdb9f77b0142b2f.mp3"},{"id":"QuestionOption-0-1","clipBegin":"00:01:13.752","clipEnd":"00:01:13.753","src":"../../../../captions/audio/04b2d6416e5b49d7acdb9f77b0142b2f.mp3"},{"id":"PartiallyCannedResponse","clipBegin":"00:00:00.000","clipEnd":"00:00:01.280","src":"../../../../captions/audio/04b2d6416e5b49d7acdb9f77b0142b2f.mp3"},{"id":"PartiallyCorrectFeedback","clipBegin":"00:00:04.260","clipEnd":"00:00:09.433","src":"../../../../captions/audio/04b2d6416e5b49d7acdb9f77b0142b2f.mp3"},{"id":"IncorrectCannedResponse","clipBegin":"00:00:00.000","clipEnd":"00:00:01.280","src":"../../../../captions/audio/04b2d6416e5b49d7acdb9f77b0142b2f.mp3"},{"id":"IncorrectFeedback","clipBegin":"00:00:04.260","clipEnd":"00:00:09.433","src":"../../../../captions/audio/04b2d6416e5b49d7acdb9f77b0142b2f.mp3"},{"id":"FinalIncorrectCannedResponse","clipBegin":"00:00:09.434","clipEnd":"00:00:19.151","src":"../../../../captions/audio/04b2d6416e5b49d7acdb9f77b0142b2f.mp3"},{"id":"FinalIncorrectFeedback","clipBegin":"00:00:09.434","clipEnd":"00:00:19.151","src":"../../../../captions/audio/04b2d6416e5b49d7acdb9f77b0142b2f.mp3"}]}