{
  "type": "NGSS",
  "contentId": "",
  "playlists": [
    {
      "id": "final-incorrect-feedback",
      "trackIds": [
        "not-it"
      ]
    },
    {
      "id": "incorrect-feedback",
      "trackIds": [
        "not-it",
        "wrong"
      ]
    },
    {
      "id": "correct-feedback",
      "trackIds": [
        "correct",
        "final-wrong"
      ]
    },
    {
      "id": "correct-answer-shown",
      "trackIds": [
        "correct-shown",
        "final-wrong"
      ]
    },
    {
      "id": "intro",
      "trackIds": [
        "title",
        "stem",
        "questions"
      ]
    },
    {
      "id": "hint-0-0",
      "trackIds": [
        "not-it",
        "hint-0-0"
      ]
    },
    {
      "id": "hint-0-1",
      "trackIds": [
        "not-it",
        "hint-0-1"
      ]
    }
    
  ],
  "tracks": [
    {
      "id": "not-it",
      "clipBegin": "00:00:00.000",
      "clipEnd": "00:00:01.280",
      "src": "../../../captions/audio/04b2d6416e5b49d7acdb9f77b0142b2f.mp3"
    },
    {
      "id": "correct",
      "clipBegin": "00:00:01.280",
      "clipEnd": "00:00:02.508",
      "src": "../../../captions/audio/04b2d6416e5b49d7acdb9f77b0142b2f.mp3"
    },
    {
      "id": "correct-shown",
      "clipBegin": "00:00:02.509",
      "clipEnd": "00:00:04.259",
      "src": "../../../captions/audio/04b2d6416e5b49d7acdb9f77b0142b2f.mp3"
    },
    {
      "id": "wrong",
      "clipBegin": "00:00:04.260",
      "clipEnd": "00:00:09.433",
      "src": "../../../captions/audio/04b2d6416e5b49d7acdb9f77b0142b2f.mp3"
    },
    {
      "id": "final-wrong",
      "clipBegin": "00:00:09.434",
      "clipEnd": "00:00:19.151",
      "src": "../../../captions/audio/04b2d6416e5b49d7acdb9f77b0142b2f.mp3"
    },
    {
      "id": "title",
      "clipBegin": "00:00:19.152",
      "clipEnd": "00:00:19.152",
      "src": "../../../captions/audio/04b2d6416e5b49d7acdb9f77b0142b2f.mp3"
    },
    {
      "id": "stem",
      "clipBegin": "00:00:19.153",
      "clipEnd": "00:00:47.026",
      "src": "../../../captions/audio/04b2d6416e5b49d7acdb9f77b0142b2f.mp3"
    },
    {
      "id": "questions",
      "clipBegin": "00:00:47.027",
      "clipEnd": "00:01:13.750",
      "src": "../../../captions/audio/04b2d6416e5b49d7acdb9f77b0142b2f.mp3"
    },
    {
      "id": "hint-0-0",
      "clipBegin": "00:01:13.751",
      "clipEnd": "00:01:13.751",
      "src": "../../../captions/audio/04b2d6416e5b49d7acdb9f77b0142b2f.mp3"
    },
    {
      "id": "hint-0-1",
      "clipBegin": "00:01:13.752",
      "clipEnd": "00:01:13.752",
      "src": "../../../captions/audio/04b2d6416e5b49d7acdb9f77b0142b2f.mp3"
    }
  ]
}
