
{
  "type": "NGSS",
  "contentId": "",
  "playlists": [
    {
      "id": "final-incorrect-feedback",
      "trackIds": [
        "not-it"
      ]
    },
    {
      "id": "incorrect-feedback",
      "trackIds": [
        "not-it",
        "wrong"
      ]
    },
    {
      "id": "correct-feedback",
      "trackIds": [
        "correct",
        "final-wrong"
      ]
    },
    {
      "id": "correct-answer-shown",
      "trackIds": [
        "correct-shown",
        "final-wrong"
      ]
    },
    {
      "id": "intro",
      "trackIds": [
        "title",
        "stem",
        "draggable-0",
        "draggable-1",
        "draggable-2",
        "draggable-3"
      ]
    }
  ],
  "tracks": [
    {
      "id": "not-it",
      "clipBegin": "00:00:00.000",
      "clipEnd": "00:00:01.280",
      "src": "../../../captions/audio/4736331964304f08b9eb55fb211ddd58.mp3"
    },
    {
      "id": "correct",
      "clipBegin": "00:00:01.280",
      "clipEnd": "00:00:02.508",
      "src": "../../../captions/audio/4736331964304f08b9eb55fb211ddd58.mp3"
    },
    {
      "id": "correct-shown",
      "clipBegin": "00:00:02.509",
      "clipEnd": "00:00:04.259",
      "src": "../../../captions/audio/4736331964304f08b9eb55fb211ddd58.mp3"
    },
    {
      "id": "wrong",
      "clipBegin": "00:00:04.260",
      "clipEnd": "00:00:16.329",
      "src": "../../../captions/audio/4736331964304f08b9eb55fb211ddd58.mp3"
    },
    {
      "id": "final-wrong",
      "clipBegin": "00:00:16.330",
      "clipEnd": "00:00:30.515",
      "src": "../../../captions/audio/4736331964304f08b9eb55fb211ddd58.mp3"
    },
    {
      "id": "title",
      "clipBegin": "00:00:30.516",
      "clipEnd": "00:00:32.005",
      "src": "../../../captions/audio/4736331964304f08b9eb55fb211ddd58.mp3"
    },
    {
      "id": "stem",
      "clipBegin": "00:00:32.006",
      "clipEnd": "00:00:35.950",
      "src": "../../../captions/audio/4736331964304f08b9eb55fb211ddd58.mp3"
    },
    {
      "id": "draggable-0",
      "clipBegin": "00:00:35.951",
      "clipEnd": "00:00:37.362",
      "src": "../../../captions/audio/4736331964304f08b9eb55fb211ddd58.mp3"
    },
    {
      "id": "draggable-1",
      "clipBegin": "00:00:37.363",
      "clipEnd": "00:00:39.008",
      "src": "../../../captions/audio/4736331964304f08b9eb55fb211ddd58.mp3"
    },
    {
      "id": "draggable-2",
      "clipBegin": "00:00:39.009",
      "clipEnd": "00:00:40.707",
      "src": "../../../captions/audio/4736331964304f08b9eb55fb211ddd58.mp3"
    },
    {
      "id": "draggable-3",
      "clipBegin": "00:00:40.708",
      "clipEnd": "00:00:43.007",
      "src": "../../../captions/audio/4736331964304f08b9eb55fb211ddd58.mp3"
    }
  ]
}
