{
  "type": "ExpLib_Drag_Drop_Background",
  "contentId": "",
  "playlists": [
    {
      "id": "start",
      "trackIds": [
        "ActivityTitle",
        "QuestionStem",
        "Stimulus",
        "draggable-0",
        "draggable-1",
        "draggable-2",
        "draggable-3"
      ]
    },
    {
      "id": "tip",
      "trackIds": [
        "Tip"
      ]
    },
    {
      "id": "Correct",
      "trackIds": [
        "CorrectCannedResponse",
        "CorrectFeedback"
      ]
    },
    {
      "id": "PartiallyCorrect",
      "trackIds": [
        "PartiallyCannedResponse",
        "PartiallyCorrectFeedback"
      ]
    },
    {
      "id": "Incorrect",
      "trackIds": [
        "IncorrectCannedResponse",
        "IncorrectFeedback"
      ]
    },
    {
      "id": "FinalIncorrect",
      "trackIds": [
        "FinalIncorrectCannedResponse",
        "FinalIncorrectFeedback"
      ]
    }
  ],
  "tracks": [
    {
      "id": "ActivityTitle",
      "clipBegin": "00:00:30.516",
      "clipEnd": "00:00:32.005",
      "src": "../../../../captions/audio/4736331964304f08b9eb55fb211ddd58.mp3"
    },
    {
      "id": "QuestionStem",
      "clipBegin": "00:00:32.006",
      "clipEnd": "00:00:35.950",
      "src": "../../../../captions/audio/4736331964304f08b9eb55fb211ddd58.mp3"
    },
    {
      "id": "Tip",
      "clipBegin": "00:00:00.000",
      "clipEnd": "00:00:00.001",
      "src": "../../../../captions/audio/4736331964304f08b9eb55fb211ddd58.mp3"
    },
    {
      "id": "Stimulus",
      "clipBegin": "00:00:00.000",
      "clipEnd": "00:00:00.001",
      "src": "../../../../captions/audio/4736331964304f08b9eb55fb211ddd58.mp3"
    },
    {
      "id": "draggable-0",
      "clipBegin": "00:00:35.951",
      "clipEnd": "00:00:37.362",
      "src": "../../../../captions/audio/4736331964304f08b9eb55fb211ddd58.mp3"
    },
    {
      "id": "draggable-1",
      "clipBegin": "00:00:37.363",
      "clipEnd": "00:00:39.008",
      "src": "../../../../captions/audio/4736331964304f08b9eb55fb211ddd58.mp3"
    },
    {
      "id": "draggable-2",
      "clipBegin": "00:00:39.009",
      "clipEnd": "00:00:40.707",
      "src": "../../../../captions/audio/4736331964304f08b9eb55fb211ddd58.mp3"
    },
    {
      "id": "draggable-3",
      "clipBegin": "00:00:40.708",
      "clipEnd": "00:00:43.007",
      "src": "../../../../captions/audio/4736331964304f08b9eb55fb211ddd58.mp3"
    },
    {
      "id": "CorrectCannedResponse",
      "clipBegin": "00:00:01.280",
      "clipEnd": "00:00:02.508",
      "src": "../../../../captions/audio/4736331964304f08b9eb55fb211ddd58.mp3"
    },
    {
      "id": "CorrectFeedback",
      "clipBegin": "00:00:16.330",
      "clipEnd": "00:00:30.515",
      "src": "../../../../captions/audio/4736331964304f08b9eb55fb211ddd58.mp3"
    },
    {
      "id": "PartiallyCannedResponse",
      "clipBegin": "00:00:00.000",
      "clipEnd": "00:00:01.280",
      "src": "../../../../captions/audio/4736331964304f08b9eb55fb211ddd58.mp3"
    },
    {
      "id": "PartiallyCorrectFeedback",
      "clipBegin": "00:00:04.260",
      "clipEnd": "00:00:16.329",
      "src": "../../../../captions/audio/4736331964304f08b9eb55fb211ddd58.mp3"
    },
    {
      "id": "IncorrectCannedResponse",
      "clipBegin": "00:00:00.000",
      "clipEnd": "00:00:01.280",
      "src": "../../../../captions/audio/4736331964304f08b9eb55fb211ddd58.mp3"
    },
    {
      "id": "IncorrectFeedback",
      "clipBegin": "00:00:04.260",
      "clipEnd": "00:00:16.329",
      "src": "../../../../captions/audio/4736331964304f08b9eb55fb211ddd58.mp3"
    },
    {
      "id": "FinalIncorrectCannedResponse",
      "clipBegin": "00:00:00.000",
      "clipEnd": "00:00:01.280",
      "src": "../../../../captions/audio/4736331964304f08b9eb55fb211ddd58.mp3"
    },
    {
      "id": "FinalIncorrectFeedback",
      "clipBegin": "00:00:16.330",
      "clipEnd": "00:00:30.515",
      "src": "../../../../captions/audio/4736331964304f08b9eb55fb211ddd58.mp3"
    }
  ]
}
