{
  "ActivityTitle": "",
  "QuestionStem": "<p class=\"quill-source-editor\">Select each country below to listen to Gabriella’s conversations with friends from around the world to discover more about time differences.</p>",
  "VOIntro": "",
  "Tip": "",
  "Summary": "",
  "audioFile": "",
  "audioSchema": "",
  "Stimulus": {
    "image": {
      "src": "",
      "credits": ""
    },
    "text": {
      "src": ""
    },
    "audio": {
      "src": "",
      "caption": "",
      "credit": ""
    },
    "video": {
      "src": ""
    }
  },
  "isPracticeInteraction": false,
  "AudioFromRCE": true,
  "AllowFullScreen": true,
  "AllowRefresh": true,
  "showBackground": true,
  "options": [
    {
      "id": "mc-opt-item-028151441155932844",
      "title": "Iceland ",
      "caption": "After school, I called my friend Gunnar in Iceland. He told me he couldn&rsquo;t talk because he was in the middle of eating dinner and asked me to call him back later.",
      "audio": "-",
      "image": "../../../../../img/cards/5_cnlese813861_922m.jpg",
      "imageAlt": "This map of the world shows Gabriella in the United States connected by a green dotted line to Gunnar in Iceland.",
      "active": true,
      "transcriptText": ""
    },
    {
      "id": "mc-opt-item-06761015402153134x1",
      "title": "India",
      "caption": "Then, I tried calling my friend Aapu, who lives in India. He sounded sleepy and said I’d woken him up.  Turns out it was late at night in India!",
      "audio": "-",
      "image": "../../../../../img/cards/5_cnlese813861_923m.jpg",
      "imageAlt": "This map of the world shows Gabriella in the United States connected by a dotted line to Aapu in India.",
      "active": false,
      "transcriptText": ""
    },
    {
      "id": "mc-opt-item-06761015402153134x2",
      "title": "New Zealand",
      "caption": "I called my friend, Sophie, who’d recently moved to New Zealand. She had just started eating breakfast. ",
      "audio": "-",
      "image": "../../../../../img/cards/5_cnlese813861_770m.jpg",
      "imageAlt": "This map of the world shows Gabriella in the United States connected by a green dotted line to Sophie in New Zealand. ",
      "active": false,
      "transcriptText": ""
    }
  ]
}
