{
  "type": "NGSS",
  "contentId": "",
  "playlists": [
    {
      "id": "intro",
      "trackIds": [
        "title",
        "stem"
      ]
    },
    {
      "id": "0",
      "trackIds": [
        "title-0",
        "caption-0"
      ]
    },
    {
      "id": "1",
      "trackIds": [
        "title-1",
        "caption-1"
      ]
    },
    {
      "id": "2",
      "trackIds": [
        "title-2",
        "caption-2"
      ]
    },
    {
      "id": "3",
      "trackIds": [
        "title-3",
        "caption-3"
      ]
    },
    {
      "id": "4",
      "trackIds": [
        "title-4",
        "caption-4"
      ]
    }
  ],
  "tracks": [
    {
      "id": "title",
      "clipBegin": "00:00:00.000",
      "clipEnd": "00:00:00.000",
      "src": "../../../captions/audio/0f1024286a5440fcb8938e59df5b6ae4.mp3"
    },
    {
      "id": "stem",
      "clipBegin": "00:00:00.001",
      "clipEnd": "00:00:09.640",
      "src": "../../../captions/audio/0f1024286a5440fcb8938e59df5b6ae4.mp3"
    },
    {
      "id": "caption-0",
      "clipBegin": "00:00:09.641",
      "clipEnd": "00:00:20.299",
      "src": "../../../captions/audio/0f1024286a5440fcb8938e59df5b6ae4.mp3"
    },
    {
      "id": "caption-1",
      "clipBegin": "00:00:20.300",
      "clipEnd": "00:00:30.879",
      "src": "../../../captions/audio/0f1024286a5440fcb8938e59df5b6ae4.mp3"
    },
    {
      "id": "caption-2",
      "clipBegin": "00:00:30.880",
      "clipEnd": "00:00:38.064",
      "src": "../../../captions/audio/0f1024286a5440fcb8938e59df5b6ae4.mp3"
    },
    {
      "id": "caption-3",
      "clipBegin": "00:00:20.300",
      "clipEnd": "00:00:30.879",
      "src": "../../../captions/audio/0f1024286a5440fcb8938e59df5b6ae4.mp3"
    },
    {
      "id": "caption-4",
      "clipBegin": "00:00:20.300",
      "clipEnd": "00:00:30.879",
      "src": "../../../captions/audio/0f1024286a5440fcb8938e59df5b6ae4.mp3"
    },
    {
      "id": "title-0",
      "clipBegin": "00:00:38.065",
      "clipEnd": "00:00:38.953",
      "src": "../../../captions/audio/0f1024286a5440fcb8938e59df5b6ae4.mp3"
    },
    {
      "id": "title-1",
      "clipBegin": "00:00:38.954",
      "clipEnd": "00:00:39.764",
      "src": "../../../captions/audio/0f1024286a5440fcb8938e59df5b6ae4.mp3"
    },
    {
      "id": "title-2",
      "clipBegin": "00:00:39.765",
      "clipEnd": "00:00:40.862",
      "src": "../../../captions/audio/0f1024286a5440fcb8938e59df5b6ae4.mp3"
    },
    {
      "id": "title-3",
      "clipBegin": "00:00:39.765",
      "clipEnd": "00:00:40.862",
      "src": "../../../captions/audio/0f1024286a5440fcb8938e59df5b6ae4.mp3"
    },
    {
      "id": "title-4",
      "clipBegin": "00:00:39.765",
      "clipEnd": "00:00:40.862",
      "src": "../../../captions/audio/0f1024286a5440fcb8938e59df5b6ae4.mp3"
    }
  ]
}
