{
  "type": "ExpLib_Audio_Gallery",
  "contentId": "",
  "playlists": [
    {
      "id": "start",
      "trackIds": [
        "ActivityTitle",
        "QuestionStem",
        "Stimulus",
        "OptionTitle-0",
        "OptionTitle-1",
        "OptionTitle-2",
        "OptionTitle-3",
        "OptionTitle-4"
      ]
    },
    {
      "id": "tip",
      "trackIds": [
        "Tip"
      ]
    },
    {
      "id": "option-title-0",
      "trackIds": [
        "OptionTitle-0"
      ]
    },
    {
      "id": "option-title-1",
      "trackIds": [
        "OptionTitle-1"
      ]
    },
    {
      "id": "option-title-2",
      "trackIds": [
        "OptionTitle-2"
      ]
    },
    {
      "id": "option-title-3",
      "trackIds": [
        "OptionTitle-3"
      ]
    },
    {
      "id": "option-title-4",
      "trackIds": [
        "OptionTitle-4"
      ]
    },
    {
      "id": "caption-0",
      "trackIds": [
        "Caption-0"
      ]
    },
    {
      "id": "caption-1",
      "trackIds": [
        "Caption-1"
      ]
    },
    {
      "id": "caption-2",
      "trackIds": [
        "Caption-2"
      ]
    },
    {
      "id": "caption-3",
      "trackIds": [
        "Caption-3"
      ]
    },
    {
      "id": "caption-4",
      "trackIds": [
        "Caption-4"
      ]
    },
    {
      "id": "transcript-0",
      "trackIds": [
        "Transcript-0"
      ]
    },
    {
      "id": "transcript-1",
      "trackIds": [
        "Transcript-1"
      ]
    },
    {
      "id": "transcript-2",
      "trackIds": [
        "Transcript-2"
      ]
    },
    {
      "id": "transcript-3",
      "trackIds": [
        "Transcript-3"
      ]
    },
    {
      "id": "transcript-4",
      "trackIds": [
        "Transcript-4"
      ]
    }
  ],
  "tracks": [
    {
      "id": "ActivityTitle",
      "clipBegin": "00:00:00.000",
      "clipEnd": "00:00:00.001",
      "src": "../../../../captions/audio/0f1024286a5440fcb8938e59df5b6ae4.mp3"
    },
    {
      "id": "QuestionStem",
      "clipBegin": "00:00:00.001",
      "clipEnd": "00:00:09.640",
      "src": "../../../../captions/audio/0f1024286a5440fcb8938e59df5b6ae4.mp3"
    },
    {
      "id": "Stimulus",
      "clipBegin": "00:00:00.000",
      "clipEnd": "00:00:00.001",
      "src": "../../../../captions/audio/0f1024286a5440fcb8938e59df5b6ae4.mp3"
    },
    {
      "id": "Tip",
      "clipBegin": "00:00:00.000",
      "clipEnd": "00:00:00.001",
      "src": "../../../../captions/audio/0f1024286a5440fcb8938e59df5b6ae4.mp3"
    },
    {
      "id": "OptionTitle-0",
      "clipBegin": "00:00:38.065",
      "clipEnd": "00:00:38.953",
      "src": "../../../../captions/audio/0f1024286a5440fcb8938e59df5b6ae4.mp3"
    },
    {
      "id": "OptionTitle-1",
      "clipBegin": "00:00:38.954",
      "clipEnd": "00:00:39.764",
      "src": "../../../../captions/audio/0f1024286a5440fcb8938e59df5b6ae4.mp3"
    },
    {
      "id": "OptionTitle-2",
      "clipBegin": "00:00:39.765",
      "clipEnd": "00:00:40.862",
      "src": "../../../../captions/audio/0f1024286a5440fcb8938e59df5b6ae4.mp3"
    },
    {
      "id": "OptionTitle-3",
      "clipBegin": "00:00:39.765",
      "clipEnd": "00:00:40.862",
      "src": "../../../../captions/audio/0f1024286a5440fcb8938e59df5b6ae4.mp3"
    },
    {
      "id": "OptionTitle-4",
      "clipBegin": "00:00:39.765",
      "clipEnd": "00:00:40.862",
      "src": "../../../../captions/audio/0f1024286a5440fcb8938e59df5b6ae4.mp3"
    },
    {
      "id": "Caption-0",
      "clipBegin": "00:00:09.641",
      "clipEnd": "00:00:20.299",
      "src": "../../../../captions/audio/0f1024286a5440fcb8938e59df5b6ae4.mp3"
    },
    {
      "id": "Caption-1",
      "clipBegin": "00:00:20.300",
      "clipEnd": "00:00:30.879",
      "src": "../../../../captions/audio/0f1024286a5440fcb8938e59df5b6ae4.mp3"
    },
    {
      "id": "Caption-2",
      "clipBegin": "00:00:30.880",
      "clipEnd": "00:00:38.064",
      "src": "../../../../captions/audio/0f1024286a5440fcb8938e59df5b6ae4.mp3"
    },
    {
      "id": "Caption-3",
      "clipBegin": "00:00:20.300",
      "clipEnd": "00:00:30.879",
      "src": "../../../../captions/audio/0f1024286a5440fcb8938e59df5b6ae4.mp3"
    },
    {
      "id": "Caption-4",
      "clipBegin": "00:00:20.300",
      "clipEnd": "00:00:30.879",
      "src": "../../../../captions/audio/0f1024286a5440fcb8938e59df5b6ae4.mp3"
    },
    {
      "id": "Transcript-0",
      "clipBegin": "00:00:00.000",
      "clipEnd": "00:00:00.001",
      "src": "../../../../captions/audio/0f1024286a5440fcb8938e59df5b6ae4.mp3"
    },
    {
      "id": "Transcript-1",
      "clipBegin": "00:00:00.000",
      "clipEnd": "00:00:00.001",
      "src": "../../../../captions/audio/0f1024286a5440fcb8938e59df5b6ae4.mp3"
    },
    {
      "id": "Transcript-2",
      "clipBegin": "00:00:00.000",
      "clipEnd": "00:00:00.001",
      "src": "../../../../captions/audio/0f1024286a5440fcb8938e59df5b6ae4.mp3"
    },
    {
      "id": "Transcript-3",
      "clipBegin": "00:00:00.000",
      "clipEnd": "00:00:00.001",
      "src": "../../../../captions/audio/0f1024286a5440fcb8938e59df5b6ae4.mp3"
    },
    {
      "id": "Transcript-4",
      "clipBegin": "00:00:00.000",
      "clipEnd": "00:00:00.001",
      "src": "../../../../captions/audio/0f1024286a5440fcb8938e59df5b6ae4.mp3"
    }
  ]
}
