{
  "type": "ExpLib_MCQ",
  "contentId": "",
  "playlists": [
    {
      "id": "start",
      "trackIds": [
        "ActivityTitle",
        "QuestionStem",
        "optionsAnswerText-0",
        "optionsAnswerText-1",
        "optionsAnswerText-2"
      ]
    },
    {
      "id": "Incorrect-0",
      "trackIds": [
        "optionsCannedResponse-0",
        "optionsFeedback-0"
      ]
    },
    {
      "id": "Incorrect-1",
      "trackIds": [
        "optionsCannedResponse-1",
        "optionsFeedback-1"
      ]
    },
    {
      "id": "Incorrect-2",
      "trackIds": [
        "optionsCannedResponse-2",
        "optionsFeedback-2"
      ]
    },
    {
      "id": "Correct",
      "trackIds": [
        "optionsCannedResponse-0",
        "optionsFeedback-0"
      ]
    },
    {
      "id": "tip",
      "trackIds": [
        "Tip"
      ]
    },
    {
      "id": "FinalIncorrect",
      "trackIds": [
        "FinalCannedResponse",
        "FinalIncorrectFeedback"
      ]
    }
  ],
  "tracks": [
    {
      "id": "ActivityTitle",
      "clipBegin": "00:00:11.812",
      "clipEnd": "00:00:11.813",
      "src": "../../../../captions/audio/64e6a157f57745ddb1cb2611de9c41fc.mp3"
    },
    {
      "id": "QuestionStem",
      "clipBegin": "00:00:01.280",
      "clipEnd": "00:00:02.508",
      "src": "../../../../captions/audio/64e6a157f57745ddb1cb2611de9c41fc.mp3"
    },
    {
      "id": "optionsAnswerText-0",
      "clipBegin": "00:00:33.443",
      "clipEnd": "00:00:34.566",
      "src": "../../../../captions/audio/64e6a157f57745ddb1cb2611de9c41fc.mp3"
    },
    {
      "id": "optionsAnswerText-1",
      "clipBegin": "00:00:34.567",
      "clipEnd": "00:00:35.769",
      "src": "../../../../captions/audio/64e6a157f57745ddb1cb2611de9c41fc.mp3"
    },
    {
      "id": "optionsAnswerText-2",
      "clipBegin": "00:00:35.770",
      "clipEnd": "00:00:36.998",
      "src": "../../../../captions/audio/64e6a157f57745ddb1cb2611de9c41fc.mp3"
    },
    {
      "id": "optionsCannedResponse-0",
      "clipBegin": "00:00:00.000",
      "clipEnd": "00:00:01.280",
      "src": "../../../../captions/audio/64e6a157f57745ddb1cb2611de9c41fc.mp3"
    },
    {
      "id": "optionsCannedResponse-1",
      "clipBegin": "00:00:00.000",
      "clipEnd": "00:00:01.280",
      "src": "../../../../captions/audio/64e6a157f57745ddb1cb2611de9c41fc.mp3"
    },
    {
      "id": "optionsCannedResponse-2",
      "clipBegin": "00:00:00.000",
      "clipEnd": "00:00:01.280",
      "src": "../../../../captions/audio/64e6a157f57745ddb1cb2611de9c41fc.mp3"
    },
    {
      "id": "optionsFeedback-0",
      "clipBegin": "00:00:36.999",
      "clipEnd": "00:00:48.832",
      "src": "../../../../captions/audio/64e6a157f57745ddb1cb2611de9c41fc.mp3"
    },
    {
      "id": "optionsFeedback-1",
      "clipBegin": "00:00:48.833",
      "clipEnd": "00:00:48.834",
      "src": "../../../../captions/audio/64e6a157f57745ddb1cb2611de9c41fc.mp3"
    },
    {
      "id": "optionsFeedback-2",
      "clipBegin": "00:00:48.834",
      "clipEnd": "00:00:59.858",
      "src": "../../../../captions/audio/64e6a157f57745ddb1cb2611de9c41fc.mp3"
    },
    {
      "id": "Tip",
      "clipBegin": "00:00:00.000",
      "clipEnd": "00:00:00.001",
      "src": "../../../../captions/audio/64e6a157f57745ddb1cb2611de9c41fc.mp3"
    },
    {
      "id": "FinalIncorrectCannedResponse",
      "clipBegin": "00:00:00.000",
      "clipEnd": "00:00:01.280",
      "src": "../../../../captions/audio/64e6a157f57745ddb1cb2611de9c41fc.mp3"
    },
    {
      "id": "FinalIncorrectFeedback",
      "clipBegin": "00:00:04.261",
      "clipEnd": "00:00:11.811",
      "src": "../../../../captions/audio/64e6a157f57745ddb1cb2611de9c41fc.mp3"
    }
  ]
}
