{
  "type": "NGSS",
  "contentId": "",
  "playlists": [
    {
      "id": "final-incorrect-feedback",
      "trackIds": [
        "not-it"
      ]
    },
    {
      "id": "incorrect-feedback",
      "trackIds": [
        "not-it",
        "wrong"
      ]
    },
    {
      "id": "correct-feedback",
      "trackIds": [
        "correct",
        "final-wrong"
      ]
    },
    {
      "id": "correct-answer-shown",
      "trackIds": [
        "correct-shown",
        "final-wrong"
      ]
    },
    {
      "id": "intro",
      "trackIds": [
        "title",
        "stem",
        "question-0",
        "question-1",
        "question-2"
      ]
    },
    {
      "id": "hint-0",
      "trackIds": [
        "not-it",
        "hint-0"
      ]
    },
    {
      "id": "hint-1",
      "trackIds": [
        "not-it",
        "hint-1"
      ]
    },
    {
      "id": "hint-2",
      "trackIds": [
        "not-it",
        "hint-2"
      ]
    }
  ],
  "tracks": [
    {
      "id": "not-it",
      "clipBegin": "00:00:00.000",
      "clipEnd": "00:00:01.280",
      "src": "../../../captions/audio/64e6a157f57745ddb1cb2611de9c41fc.mp3"
    },
    {
      "id": "correct",
      "clipBegin": "00:00:01.280",
      "clipEnd": "00:00:02.508",
      "src": "../../../captions/audio/64e6a157f57745ddb1cb2611de9c41fc.mp3"
    },
    {
      "id": "correct-shown",
      "clipBegin": "00:00:02.509",
      "clipEnd": "00:00:04.259",
      "src": "../../../captions/audio/64e6a157f57745ddb1cb2611de9c41fc.mp3"
    },
    {
      "id": "wrong",
      "clipBegin": "00:00:04.260",
      "clipEnd": "00:00:04.260",
      "src": "../../../captions/audio/64e6a157f57745ddb1cb2611de9c41fc.mp3"
    },
    {
      "id": "final-wrong",
      "clipBegin": "00:00:04.261",
      "clipEnd": "00:00:11.811",
      "src": "../../../captions/audio/64e6a157f57745ddb1cb2611de9c41fc.mp3"
    },
    {
      "id": "title",
      "clipBegin": "00:00:11.812",
      "clipEnd": "00:00:11.812",
      "src": "../../../captions/audio/64e6a157f57745ddb1cb2611de9c41fc.mp3"
    },
    {
      "id": "stem",
      "clipBegin": "00:00:11.813",
      "clipEnd": "00:00:33.442",
      "src": "../../../captions/audio/64e6a157f57745ddb1cb2611de9c41fc.mp3"
    },
    {
      "id": "question-0",
      "clipBegin": "00:00:33.443",
      "clipEnd": "00:00:34.566",
      "src": "../../../captions/audio/64e6a157f57745ddb1cb2611de9c41fc.mp3"
    },
    {
      "id": "question-1",
      "clipBegin": "00:00:34.567",
      "clipEnd": "00:00:35.769",
      "src": "../../../captions/audio/64e6a157f57745ddb1cb2611de9c41fc.mp3"
    },
    {
      "id": "question-2",
      "clipBegin": "00:00:35.770",
      "clipEnd": "00:00:36.998",
      "src": "../../../captions/audio/64e6a157f57745ddb1cb2611de9c41fc.mp3"
    },
    {
      "id": "hint-0",
      "clipBegin": "00:00:36.999",
      "clipEnd": "00:00:48.832",
      "src": "../../../captions/audio/64e6a157f57745ddb1cb2611de9c41fc.mp3"
    },
    {
      "id": "hint-1",
      "clipBegin": "00:00:48.833",
      "clipEnd": "00:00:48.833",
      "src": "../../../captions/audio/64e6a157f57745ddb1cb2611de9c41fc.mp3"
    },
    {
      "id": "hint-2",
      "clipBegin": "00:00:48.834",
      "clipEnd": "00:00:59.858",
      "src": "../../../captions/audio/64e6a157f57745ddb1cb2611de9c41fc.mp3"
    }
  ]
}
