{
  "configuration": {
    "name": "widget_01447778291235895",
    "title": "",
    "stem": "What do plants need to live and grow?",
    "stemImage": "",
    "stemImageShown": false,
    "feedBack": {
      "attempts": "2",
      "firstWrongHint": "Keep trying. Think about what you found out about plants and what they need to live and grow. Try again.",
      "finalWrongHint": "That’s not quite right. A plant needs air, sunlight, and water to live and grow. They also need nutrients and space to grow.",
      "correctHint": "Well done! A plant needs air, sunlight, and water to live and grow. They also need nutrients and space to grow."
    },
    "options": [
      {
        "image": "",
        "capText": "air",
        "showCapText": true,
        "showAlphaSequence": true,
        "voiceOver": "",
        "value": "1",
        "isCorrect": true
      },
      {
        "image": "",
        "capText": "sunlight",
        "showCapText": true,
        "showAlphaSequence": true,
        "voiceOver": "",
        "value": "2",
        "isCorrect": true
      },
      {
        "image": "",
        "name": "mc-opt-item-03168836714149077",
        "text": "",
        "capText": "water",
        "showCapText": true,
        "showAlphaSequence": true,
        "value": "3",
        "isCorrect": true,
        "$$hashKey": "object:3",
        "hint": "",
        "id": "3"
      }
    ],
    "voiceOver": "What do plants need to live and grow? Choose all correct answers. A. air, B. sunlight, C. water.",
    "tipText": "",
    "downloadLink": "",
    "instantFeedback": false,
    "teacherAnswer": "",
    "questionImage": "",
    "inputType": "checkbox",
    "showAlphaSequence": "true",
    "hasImages": false,
    "collectVoiceOver": true,
    "layout": {
      "text": "Main",
      "value": "main"
    }
  }
}
