{
  "ActivityTitle": "",
  "QuestionStem": "<p class=\"quill-source-editor\">What do plants need to live and grow?</p>",
  "VOIntro": "What do plants need to live and grow? Choose all correct answers. A. air, B. sunlight, C. water.",
  "Tip": "",
  "Summary": "",
  "options": [
    {
      "AnswerText": "<p class=\"quill-source-editor\">air</p>",
      "ImageSrc": "",
      "ImageAlt": "",
      "ImageCaption": "air",
      "value": 0,
      "Feedback": "",
      "CorrectAnswer": true,
      "VOFeedback": ""
    },
    {
      "AnswerText": "<p class=\"quill-source-editor\">sunlight</p>",
      "ImageSrc": "",
      "ImageAlt": "",
      "ImageCaption": "sunlight",
      "value": 1,
      "Feedback": "",
      "CorrectAnswer": true,
      "VOFeedback": ""
    },
    {
      "AnswerText": "<p class=\"quill-source-editor\">water</p>",
      "ImageSrc": "",
      "ImageAlt": "",
      "ImageCaption": "water",
      "value": 2,
      "Feedback": "",
      "CorrectAnswer": true,
      "VOFeedback": ""
    }
  ],
  "CorrectCannedResponse": "",
  "CorrectFeedback": "",
  "PartiallyCannedResponse": "",
  "PartiallyCorrectFeedback": "",
  "IncorrectCannedResponse": "",
  "IncorrectFeedback": "",
  "CorrectVOFeedback": "Well done! A plant needs air, sunlight, and water to live and grow. They also need nutrients and space to grow.",
  "PartiallyCorrectVOFeedback": "Keep trying. Think about what you found out about plants and what they need to live and grow. Try again.",
  "IncorrectVOFeedback": "Keep trying. Think about what you found out about plants and what they need to live and grow. Try again.",
  "FinalIncorrectVOFeedback": "That’s not quite right. A plant needs air, sunlight, and water to live and grow. They also need nutrients and space to grow.",
  "FinalIncorrectCannedResponse": "",
  "FinalIncorrectFeedback": "",
  "AudioFromRCE": true,
  "qtype": "mrq",
  "AllowFullScreen": true,
  "AllowRefresh": true,
  "ShowAnswerOption": true,
  "SubmitToTeacherOption": false,
  "optionsAreImages": false,
  "hasInstantFeedback": false,
  "hasCustomAttempts": false,
  "MaxAttempts": 2,
  "Stimulus": {
    "text": {
      "src": ""
    },
    "image": {
      "src": "",
      "credits": ""
    },
    "audio": {
      "src": "",
      "caption": "",
      "credit": ""
    },
    "video": {
      "src": ""
    }
  },
  "audioFile": "../../audio/manifests/config.json",
  "audioSchema": "mrq_audio_schema.json"
}
