{
  "ActivityTitle": "",
  "QuestionStem": "",
  "VOIntro": "",
  "Tip": "",
  "Summary": "",
  "options": [
    {
      "AnswerText": "",
      "ImageSrc": "",
      "ImageAlt": "",
      "ImageCaption": "",
      "value": 0,
      "Feedback": "",
      "CorrectAnswer": true,
      "VOFeedback": ""
    },
    {
      "AnswerText": "",
      "ImageSrc": "",
      "ImageAlt": "",
      "ImageCaption": "",
      "value": 0,
      "Feedback": "",
      "CorrectAnswer": true,
      "VOFeedback": ""
    },
    {
      "AnswerText": "",
      "ImageSrc": "",
      "ImageAlt": "",
      "ImageCaption": "",
      "value": 0,
      "Feedback": "",
      "CorrectAnswer": true,
      "VOFeedback": ""
    },
    {
      "AnswerText": "",
      "ImageSrc": "",
      "ImageAlt": "",
      "ImageCaption": "",
      "value": 0,
      "Feedback": "",
      "CorrectAnswer": true,
      "VOFeedback": ""
    },
    {
      "AnswerText": "",
      "ImageSrc": "",
      "ImageAlt": "",
      "ImageCaption": "",
      "value": 0,
      "Feedback": "",
      "CorrectAnswer": true,
      "VOFeedback": ""
    },
    {
      "AnswerText": "",
      "ImageSrc": "",
      "ImageAlt": "",
      "ImageCaption": "",
      "value": 0,
      "Feedback": "",
      "CorrectAnswer": true,
      "VOFeedback": ""
    },
    {
      "AnswerText": "",
      "ImageSrc": "",
      "ImageAlt": "",
      "ImageCaption": "",
      "value": 0,
      "Feedback": "",
      "CorrectAnswer": true,
      "VOFeedback": ""
    },
    {
      "AnswerText": "",
      "ImageSrc": "",
      "ImageAlt": "",
      "ImageCaption": "",
      "value": 0,
      "Feedback": "",
      "CorrectAnswer": true,
      "VOFeedback": ""
    },
    {
      "AnswerText": "",
      "ImageSrc": "",
      "ImageAlt": "",
      "ImageCaption": "",
      "value": 0,
      "Feedback": "",
      "CorrectAnswer": true,
      "VOFeedback": ""
    },
    {
      "AnswerText": "",
      "ImageSrc": "",
      "ImageAlt": "",
      "ImageCaption": "",
      "value": 0,
      "Feedback": "",
      "CorrectAnswer": true,
      "VOFeedback": ""
    },
    {
      "AnswerText": "",
      "ImageSrc": "",
      "ImageAlt": "",
      "ImageCaption": "",
      "value": 0,
      "Feedback": "",
      "CorrectAnswer": true,
      "VOFeedback": ""
    },
    {
      "AnswerText": "",
      "ImageSrc": "",
      "ImageAlt": "",
      "ImageCaption": "",
      "value": 0,
      "Feedback": "",
      "CorrectAnswer": true,
      "VOFeedback": ""
    },
    {
      "AnswerText": "",
      "ImageSrc": "",
      "ImageAlt": "",
      "ImageCaption": "",
      "value": 0,
      "Feedback": "",
      "CorrectAnswer": true,
      "VOFeedback": ""
    },
    {
      "AnswerText": "",
      "ImageSrc": "",
      "ImageAlt": "",
      "ImageCaption": "",
      "value": 0,
      "Feedback": "",
      "CorrectAnswer": true,
      "VOFeedback": ""
    },
    {
      "AnswerText": "",
      "ImageSrc": "",
      "ImageAlt": "",
      "ImageCaption": "",
      "value": 0,
      "Feedback": "",
      "CorrectAnswer": true,
      "VOFeedback": ""
    },
    {
      "AnswerText": "",
      "ImageSrc": "",
      "ImageAlt": "",
      "ImageCaption": "",
      "value": 0,
      "Feedback": "",
      "CorrectAnswer": true,
      "VOFeedback": ""
    },
    {
      "AnswerText": "",
      "ImageSrc": "",
      "ImageAlt": "",
      "ImageCaption": "",
      "value": 0,
      "Feedback": "",
      "CorrectAnswer": true,
      "VOFeedback": ""
    },
    {
      "AnswerText": "",
      "ImageSrc": "",
      "ImageAlt": "",
      "ImageCaption": "",
      "value": 0,
      "Feedback": "",
      "CorrectAnswer": true,
      "VOFeedback": ""
    },
    {
      "AnswerText": "",
      "ImageSrc": "",
      "ImageAlt": "",
      "ImageCaption": "",
      "value": 0,
      "Feedback": "",
      "CorrectAnswer": true,
      "VOFeedback": ""
    },
    {
      "AnswerText": "",
      "ImageSrc": "",
      "ImageAlt": "",
      "ImageCaption": "",
      "value": 0,
      "Feedback": "",
      "CorrectAnswer": true,
      "VOFeedback": ""
    }
  ],
  "CorrectCannedResponse": "",
  "CorrectFeedback": "",
  "PartiallyCannedResponse": "",
  "PartiallyCorrectFeedback": "",
  "IncorrectCannedResponse": "",
  "IncorrectFeedback": "",
  "CorrectVOFeedback": "",
  "PartiallyCorrectVOFeedback": "",
  "IncorrectVOFeedback": "",
  "FinalIncorrectVOFeedback": "",
  "FinalIncorrectCannedResponse": "",
  "FinalIncorrectFeedback": "",
  "AudioFromRCE": true,
  "qtype": "mrq",
  "AllowFullScreen": true,
  "AllowRefresh": true,
  "ShowAnswerOption": true,
  "SubmitToTeacherOption": false,
  "optionsAreImages": true,
  "hasInstantFeedback": false,
  "hasCustomAttempts": false,
  "MaxAttempts": "2",
  "Stimulus": {
    "text": {
      "src": ""
    },
    "image": {
      "src": "",
      "credits": ""
    },
    "audio": {
      "src": "",
      "caption": "",
      "credit": ""
    },
    "video": {
      "src": ""
    }
  },
  "audioFile": "../../audio/manifests/config.json",
  "audioSchema": "mrq_audio_schema.json"
}
