{
  "configuration": {
    "name": "widget_010640563801816127",
    "title": "",
    "stem": "Which maps show places on Earth where gravity pulls things toward Earth’s surface? Select all the answers that apply.",
    "stemImage": "",
    "stemImageShown": false,
    "feedBack": {
      "attempts": "2",
      "firstWrongHint": "Rewatch the videos, and pay attention to the map shown at the start. ",
      "finalWrongHint": "Gravity affects all things on Earth’s surface."
    },
    "options": [
      {
        "image": "../../../../img/cards/5_cnlese813861_1541m.png",
        "name": "mc-opt-item-028151441155932844",
        "text": "[Example-Option 1]",
        "capText": "United States",
        "showCapText": true,
        "showAlphaSequence": true,
        "value": "1",
        "isCorrect": true,
        "$$hashKey": "object:1",
        "hint": "hint1"
      },
      {
        "image": "../../../../img/cards/5_cnlese813861_1542m.png",
        "name": "mc-opt-item-06761015402153134x1",
        "text": "[Example-Option 2]",
        "capText": "India",
        "showCapText": true,
        "showAlphaSequence": true,
        "value": "2",
        "isCorrect": true,
        "$$hashKey": "object:2",
        "hint": "hint2"
      },
      {
        "image": "../../../../img/cards/5_cnlese813861_1543m.png",
        "name": "mc-opt-item-06761015402153134x2",
        "text": "[Example-Option 3]",
        "capText": "Iceland",
        "showCapText": true,
        "showAlphaSequence": true,
        "value": "3",
        "isCorrect": true,
        "$$hashKey": "object:3",
        "hint": "hint3"
      },
      {
        "image": "../../../../img/cards/5_cnlese813861_1544m.png",
        "name": "mc-opt-item-06761015402153134x3",
        "text": "[Example-Option 4]",
        "capText": "New Zealand",
        "showCapText": true,
        "showAlphaSequence": true,
        "value": "4",
        "isCorrect": true,
        "$$hashKey": "object:4",
        "hint": "hint4",
        "imageAlt": "In this illustration of a globe, parts of the continents of Asia, North America, and Australia are shown. The country of New Zealand is indicated by an arrow pointing at an island in the lower part of the globe\r\n"
      }
    ],
    "voiceOver": "",
    "tipText": "",
    "downloadLink": "",
    "instantFeedback": false,
    "inputType": "checkbox",
    "showCapText": "true",
    "showAlphaSequence": "true",
    "layout": {
      "text": "Main",
      "value": "main"
    },
    "questionImage": "",
    "editorMode": true
  }
}
