{
  "ActivityTitle": "",
  "QuestionStem": "",
  "VOIntro": "",
  "Tip": "",
  "Summary": "",
  "options": [
    {
      "AnswerText": "",
      "ImageSrc": "",
      "ImageAlt": "",
      "ImageCaption": "",
      "value": "0",
      "CorrectAnswer": true
    },
    {
      "AnswerText": "",
      "ImageSrc": "",
      "ImageAlt": "",
      "ImageCaption": "",
      "value": "0",
      "CorrectAnswer": true
    },
    {
      "AnswerText": "",
      "ImageSrc": "",
      "ImageAlt": "",
      "ImageCaption": "",
      "value":"0",
      "CorrectAnswer": true
    },
    {
      "AnswerText": "",
      "ImageSrc": "",
      "ImageAlt": "",
      "ImageCaption": "",
      "value":"0",
      "CorrectAnswer": true
    },
    {
      "AnswerText": "",
      "ImageSrc": "",
      "ImageAlt": "",
      "ImageCaption": "",
      "value":"0",
      "CorrectAnswer": true
    },
    {
      "AnswerText": "",
      "ImageSrc": "",
      "ImageAlt": "",
      "ImageCaption": "",
      "value":"0",
      "CorrectAnswer": true
    },
    {
      "AnswerText": "",
      "ImageSrc": "",
      "ImageAlt": "",
      "ImageCaption": "",
      "value":"0",
      "CorrectAnswer": true
    },
    {
      "AnswerText": "",
      "ImageSrc": "",
      "ImageAlt": "",
      "ImageCaption": "",
      "value":"0",
      "CorrectAnswer": true
    },
    {
      "AnswerText": "",
      "ImageSrc": "",
      "ImageAlt": "",
      "ImageCaption": "",
      "value":"0",
      "CorrectAnswer": true
    },
    {
      "AnswerText": "",
      "ImageSrc": "",
      "ImageAlt": "",
      "ImageCaption": "",
      "value":"0",
      "CorrectAnswer": true
    },
    {
      "AnswerText": "",
      "ImageSrc": "",
      "ImageAlt": "",
      "ImageCaption": "",
      "value":"0",
      "CorrectAnswer": true
    },
    {
      "AnswerText": "",
      "ImageSrc": "",
      "ImageAlt": "",
      "ImageCaption": "",
      "value":"0",
      "CorrectAnswer": true
    },
    {
      "AnswerText": "",
      "ImageSrc": "",
      "ImageAlt": "",
      "ImageCaption": "",
      "value":"0",
      "CorrectAnswer": true
    },
    {
      "AnswerText": "",
      "ImageSrc": "",
      "ImageAlt": "",
      "ImageCaption": "",
      "value":"0",
      "CorrectAnswer": true
    },
    {
      "AnswerText": "",
      "ImageSrc": "",
      "ImageAlt": "",
      "ImageCaption": "",
      "value":"0",
      "CorrectAnswer": true
    },
    {
      "AnswerText": "",
      "ImageSrc": "",
      "ImageAlt": "",
      "ImageCaption": "",
      "value":"0",
      "CorrectAnswer": true
    },
    {
      "AnswerText": "",
      "ImageSrc": "",
      "ImageAlt": "",
      "ImageCaption": "",
      "value":"0",
      "CorrectAnswer": true
    },
    {
      "AnswerText": "",
      "ImageSrc": "",
      "ImageAlt": "",
      "ImageCaption": "",
      "value":"0",
      "CorrectAnswer": true
    },
    {
      "AnswerText": "",
      "ImageSrc": "",
      "ImageAlt": "",
      "ImageCaption": "",
      "value":"0",
      "CorrectAnswer": true
    },
    {
      "AnswerText": "",
      "ImageSrc": "",
      "ImageAlt": "",
      "ImageCaption": "",
      "value":"0",
      "CorrectAnswer": true
    }

  ],
  "CorrectCannedResponse": "<p class=\"quill-source-editor\">Well Done.</p>",
  "CorrectFeedback": "",
  "PartiallyCannedResponse": "<p class=\"quill-source-editor\">That's not it.</p>",
  "PartiallyCorrectFeedback": "",
  "IncorrectCannedResponse": "<p class=\"quill-source-editor\">That's not it.</p>",
  "IncorrectFeedback": "",
  "FinalIncorrectCannedResponse": "<p class=\"quill-source-editor\">That’s not it.</p>",
  "FinalIncorrectFeedback": "",
  "CorrectVOFeedback": "",
  "PartiallyCorrectVOFeedback": "",
  "IncorrectVOFeedback": "",
  "FinalIncorrectVOFeedback": "",
  "AudioFromRCE": true,
  "qtype": "mrq",
  "AllowFullScreen": true,
  "AllowRefresh": true,
  "ShowAnswerOption": true,
  "SubmitToTeacherOption": false,
  "optionsAreImages": true,
  "hasInstantFeedback": false,
  "hasCustomAttempts": true,
  "MaxAttempts": 2,
  "Stimulus": {
    "text": {
      "src": ""
    },
    "image": {
      "src": "",
      "altText": "",
      "credits": ""
    },
    "audio": {
      "src": "",
      "caption": "",
      "credit": ""
    },
    "video": {
      "src": ""
    }
  },
  "audioFile": "../../audio/manifests/config.json",
  "audioSchema": "mrq_audio_schema.json"
}
