{
  "ActivityTitle": "",
  "QuestionStem": "<p class=\"quill-source-editor\">Which maps show places on Earth where gravity pulls things toward Earth’s surface? Select all the answers that apply.</p>",
  "VOIntro": "",
  "Tip": "",
  "Summary": "",
  "options": [
    {
      "AnswerText": "<p class=\"quill-source-editor\">[Example-Option 1]</p>",
      "ImageSrc": "../../../../../img/cards/5_cnlese813861_1541m.png",
      "ImageAlt": "",
      "ImageCaption": "A.  United States",
      "value": 0,
      "CorrectAnswer": true
    },
    {
      "AnswerText": "<p class=\"quill-source-editor\">[Example-Option 2]</p>",
      "ImageSrc": "../../../../../img/cards/5_cnlese813861_1542m.png",
      "ImageAlt": "",
      "ImageCaption": "B.  India",
      "value": 1,
      "CorrectAnswer": true
    },
    {
      "AnswerText": "<p class=\"quill-source-editor\">[Example-Option 3]</p>",
      "ImageSrc": "../../../../../img/cards/5_cnlese813861_1543m.png",
      "ImageAlt": "",
      "ImageCaption": "C.  Iceland",
      "value": 2,
      "CorrectAnswer": true
    },
    {
      "AnswerText": "<p class=\"quill-source-editor\">[Example-Option 4]</p>",
      "ImageSrc": "../../../../../img/cards/5_cnlese813861_1544m.png",
      "ImageAlt": "In this illustration of a globe, parts of the continents of Asia, North America, and Australia are shown. The country of New Zealand is indicated by an arrow pointing at an island in the lower part of the globe\r\n",
      "ImageCaption": "D.  New Zealand",
      "value": 3,
      "CorrectAnswer": true
    }
  ],
  "CorrectCannedResponse": "<p class=\"quill-source-editor\">Well Done.</p>",
  "CorrectFeedback": "<p class=\"quill-source-editor\">Gravity affects all things on Earth’s surface.</p>",
  "PartiallyCannedResponse": "<p class=\"quill-source-editor\">That's not it.</p>",
  "PartiallyCorrectFeedback": "<p class=\"quill-source-editor\">Rewatch the videos, and pay attention to the map shown at the start. </p>",
  "IncorrectCannedResponse": "<p class=\"quill-source-editor\">That's not it.</p>",
  "IncorrectFeedback": "<p class=\"quill-source-editor\">Rewatch the videos, and pay attention to the map shown at the start. </p>",
  "FinalIncorrectCannedResponse": "<p class=\"quill-source-editor\">That’s not it.</p>",
  "FinalIncorrectFeedback": "<p class=\"quill-source-editor\">Gravity affects all things on Earth’s surface.</p>",
  "CorrectVOFeedback": "",
  "PartiallyCorrectVOFeedback": "",
  "IncorrectVOFeedback": "",
  "FinalIncorrectVOFeedback": "",
  "AudioFromRCE": true,
  "qtype": "mrq",
  "AllowFullScreen": true,
  "AllowRefresh": true,
  "ShowAnswerOption": true,
  "SubmitToTeacherOption": false,
  "optionsAreImages": true,
  "hasInstantFeedback": false,
  "hasCustomAttempts": true,
  "MaxAttempts": 2,
  "Stimulus": {
    "text": {
      "src": ""
    },
    "image": {
      "src": "",
      "credits": ""
    },
    "audio": {
      "src": "",
      "caption": "",
      "credit": ""
    },
    "video": {
      "src": ""
    }
  },
  "audioFile": "../../audio/manifests/config.json",
  "audioSchema": "mrq_audio_schema.json"
}
