
{
  "configuration": {
    "name": "widget_019983183132692117",
    "title": "",
    "stem": "How does the lemonade change?",
    "stemImage": "",
    "stemImageShown": false,
    "feedBack": {
      "attempts": 2,
      "firstWrongHint": "",
      "finalWrongHint": "",
      "correctHint": "Good job! The lemonade starts as a liquid, then it freezes and becomes a solid, and\nthen it melts and becomes a liquid again."
    },
    "options": [
      {
        "image": "",
        "id": "drag1",
        "text": "melt"
      },
      {
        "image": "",
        "id": "drag09862448024870745",
        "text": "freeze"
      }
    ],
    "voiceOver": "Label each picture to tell how the lemonade changes.",
    "tipText": "",
    "downloadLink": "",
    "instantFeedback": true,
    "teacherAnswer": "",
    "questionImage": "../../../../../img/cards/2_cnlese813830_81a.jpg",
    "targets": [
      {
        "id": "target1",
        "answer": "",
        "correctAnswer": "drag1",
        "left": "53.87978142076503%",
        "top": "64.51612903225806%",
        "linePosition": "none",
        "lineSize": "tiny"
      },
      {
        "id": "target08350796269813137",
        "answer": "",
        "correctAnswer": "drag09862448024870745",
        "left": "19.12568306010929%",
        "top": "64.51612903225806%",
        "linePosition": "none",
        "lineSize": "tiny"
      }
    ],
    "dispenserLocation": "bottom",
    "imageBased": false,
    "twoLines": false,
    "translucent": false,
    "questionImageAlt": "This is a drawing of three clear bottles of lemonade. In one bottle, the lemonade is liquid, not frozen. In another bottle, the lemonade is frozen. In the third bottle, the lemonade is not frozen, but water drips on the outside of the bottle. A blue-and-yellow label is on each bottle."
  }
}
