{
  "ActivityTitle": "",
  "QuestionStem": "<p class=\"quill-source-editor\">How does the lemonade change?</p>",
  "VOIntro": "Label each picture to tell how the lemonade changes.",
  "Tip": "",
  "Summary": "",
  "image": "../../../../../img/cards/2_cnlese813830_81a.jpg",
  "layoutType": "",
  "inputType": "",
  "hotSpotWidth": 40,
  "hotSpotHeight": 44,
  "translucent": false,
  "options": [
    {
      "id": "option_1",
      "direction": "none",
      "left": "53.87978142076503",
      "top": "64.51612903225806",
      "target": "drag1"
    },
    {
      "id": "option_2",
      "direction": "none",
      "left": "19.12568306010929",
      "top": "64.51612903225806",
      "target": "drag09862448024870745"
    }
  ],
  "draggables": [
    {
      "id": "drag1",
      "label": "<p class=\"quill-source-editor\">melt</p>",
      "image": ""
    },
    {
      "id": "drag09862448024870745",
      "label": "<p class=\"quill-source-editor\">freeze</p>",
      "image": ""
    }
  ],
  "Stimulus": {
    "image": {
      "src": "",
      "altText": "",
      "credits": ""
    },
    "text": {
      "src": ""
    },
    "audio": {
      "src": "",
      "caption": "",
      "credit": ""
    },
    "video": {
      "src": ""
    }
  },
  "instantFeedbackAllowed": false,
  "optionsAreImages": false,
  "optionsType": "text",
  "CorrectCannedResponse": "",
  "CorrectFeedback": "",
  "PartiallyCannedResponse": "",
  "PartiallyCorrectFeedback": "",
  "IncorrectCannedResponse": "",
  "IncorrectFeedback": "",
  "FinalIncorrectCannedResponse": "",
  "FinalIncorrectFeedback": "",
  "CorrectVOFeedback": "Good job! The lemonade starts as a liquid, then it freezes and becomes a solid, and\nthen it melts and becomes a liquid again.",
  "PartiallyCorrectVOFeedback": "",
  "IncorrectVOFeedback": "",
  "FinalIncorrectVOFeedback": "",
  "AudioFromRCE": true,
  "isPracticeInteraction": true,
  "AllowFullScreen": true,
  "AllowRefresh": true,
  "ShowAnswerOption": false,
  "SubmitToTeacherOption": false,
  "MaxAttempts": 2,
  "audioFile": "../../audio/manifests/config.json",
  "audioSchema": "drag_drop_background_audio_schema.json",
  "hasCustomAttempts": true,
  "selectedLocale": "en-US"
}
