{
  "type": "ExpLib_MRQ",
  "contentId": "",
  "playlists": [
    {
      "id": "start",
      "trackIds": [
        "ActivityTitle",
        "QuestionStem",
        "Stimulus",
        "optionsAnswerText-0",
        "optionsAnswerText-1",
        "optionsAnswerText-2",
        "optionsAnswerText-3"
      ]
    },
    {
      "id": "tip",
      "trackIds": [
        "Tip"
      ]
    },
    {
      "id": "Correct",
      "trackIds": [
        "CorrectCannedResponse",
        "CorrectFeedback"
      ]
    },
    {
      "id": "Incorrect",
      "trackIds": [
        "IncorrectCannedResponse",
        "IncorrectFeedback"
      ]
    },
    {
      "id": "FinalIncorrect",
      "trackIds": [
        "FinalIncorrectCannedResponse",
        "FinalIncorrectFeedback"
      ]
    },
    {
      "id": "PartiallyCorrect",
      "trackIds": [
        "PartiallyCannedResponse",
        "PartiallyCorrectFeedback"
      ]
    }
  ],
  "tracks": [
    {
      "id": "ActivityTitle",
      "clipBegin": "00:00:39.737",
      "clipEnd": "00:00:39.738",
      "src": "../../../../captions/audio/8e3f910c7bda445da70cd843d8731702.mp3"
    },
    {
      "id": "QuestionStem",
      "clipBegin": "00:00:39.738",
      "clipEnd": "00:00:49.769",
      "src": "../../../../captions/audio/8e3f910c7bda445da70cd843d8731702.mp3"
    },
    {
      "id": "optionsAnswerText-0",
      "clipBegin": "00:00:49.770",
      "clipEnd": "00:00:49.771",
      "src": "../../../../captions/audio/8e3f910c7bda445da70cd843d8731702.mp3"
    },
    {
      "id": "optionsAnswerText-1",
      "clipBegin": "00:00:49.771",
      "clipEnd": "00:00:49.772",
      "src": "../../../../captions/audio/8e3f910c7bda445da70cd843d8731702.mp3"
    },
    {
      "id": "optionsAnswerText-2",
      "clipBegin": "00:00:49.772",
      "clipEnd": "00:00:49.773",
      "src": "../../../../captions/audio/8e3f910c7bda445da70cd843d8731702.mp3"
    },
    {
      "id": "optionsAnswerText-3",
      "clipBegin": "00:00:49.773",
      "clipEnd": "00:00:49.774",
      "src": "../../../../captions/audio/8e3f910c7bda445da70cd843d8731702.mp3"
    },
    {
      "id": "Tip",
      "clipBegin": "00:00:00.000",
      "clipEnd": "00:00:00.001",
      "src": "../../../../captions/audio/8e3f910c7bda445da70cd843d8731702.mp3"
    },
    {
      "id": "Stimulus",
      "clipBegin": "00:00:00.000",
      "clipEnd": "00:00:00.001",
      "src": "../../../../captions/audio/8e3f910c7bda445da70cd843d8731702.mp3"
    },
    {
      "id": "CorrectCannedResponse",
      "clipBegin": "00:00:01.280",
      "clipEnd": "00:00:02.508",
      "src": "../../../../captions/audio/8e3f910c7bda445da70cd843d8731702.mp3"
    },
    {
      "id": "CorrectFeedback",
      "clipBegin": "00:00:24.741",
      "clipEnd": "00:00:39.736",
      "src": "../../../../captions/audio/8e3f910c7bda445da70cd843d8731702.mp3"
    },
    {
      "id": "PartiallyCannedResponse",
      "clipBegin": "00:00:00.000",
      "clipEnd": "00:00:01.280",
      "src": "../../../../captions/audio/8e3f910c7bda445da70cd843d8731702.mp3"
    },
    {
      "id": "PartiallyCorrectFeedback",
      "clipBegin": "00:00:04.260",
      "clipEnd": "00:00:24.740",
      "src": "../../../../captions/audio/8e3f910c7bda445da70cd843d8731702.mp3"
    },
    {
      "id": "IncorrectCannedResponse",
      "clipBegin": "00:00:00.000",
      "clipEnd": "00:00:01.280",
      "src": "../../../../captions/audio/8e3f910c7bda445da70cd843d8731702.mp3"
    },
    {
      "id": "IncorrectFeedback",
      "clipBegin": "00:00:04.260",
      "clipEnd": "00:00:24.740",
      "src": "../../../../captions/audio/8e3f910c7bda445da70cd843d8731702.mp3"
    },
    {
      "id": "FinalIncorrectCannedResponse",
      "clipBegin": "00:00:00.000",
      "clipEnd": "00:00:01.280",
      "src": "../../../../captions/audio/8e3f910c7bda445da70cd843d8731702.mp3"
    },
    {
      "id": "FinalIncorrectFeedback",
      "clipBegin": "00:00:24.741",
      "clipEnd": "00:00:39.736",
      "src": "../../../../captions/audio/8e3f910c7bda445da70cd843d8731702.mp3"
    }
  ]
}
