{
  "type": "NGSS",
  "contentId": "",
  "playlists": [
    {
      "id": "final-incorrect-feedback",
      "trackIds": [
        "not-it"
      ]
    },
    {
      "id": "incorrect-feedback",
      "trackIds": [
        "not-it",
        "wrong"
      ]
    },
    {
      "id": "correct-feedback",
      "trackIds": [
        "correct",
        "final-wrong"
      ]
    },
    {
      "id": "correct-answer-shown",
      "trackIds": [
        "correct-shown",
        "final-wrong"
      ]
    },
    {
      "id": "intro",
      "trackIds": [
        "title",
        "stem",
        "question-0",
        "question-1",
        "question-2",
        "question-3"
      ]
    },
    {
      "id": "hint-0",
      "trackIds": [
        "not-it",
        "hint-0"
      ]
    },
    {
      "id": "hint-1",
      "trackIds": [
        "not-it",
        "hint-1"
      ]
    },
    {
      "id": "hint-2",
      "trackIds": [
        "not-it",
        "hint-2"
      ]
    },
    {
      "id": "hint-3",
      "trackIds": [
        "not-it",
        "hint-3"
      ]
    }
  ],
  "tracks": [
    {
      "id": "not-it",
      "clipBegin": "00:00:00.000",
      "clipEnd": "00:00:01.280",
      "src": "../../../captions/audio/8e3f910c7bda445da70cd843d8731702.mp3"
    },
    {
      "id": "correct",
      "clipBegin": "00:00:01.280",
      "clipEnd": "00:00:02.508",
      "src": "../../../captions/audio/8e3f910c7bda445da70cd843d8731702.mp3"
    },
    {
      "id": "correct-shown",
      "clipBegin": "00:00:02.509",
      "clipEnd": "00:00:04.259",
      "src": "../../../captions/audio/8e3f910c7bda445da70cd843d8731702.mp3"
    },
    {
      "id": "wrong",
      "clipBegin": "00:00:04.260",
      "clipEnd": "00:00:24.740",
      "src": "../../../captions/audio/8e3f910c7bda445da70cd843d8731702.mp3"
    },
    {
      "id": "final-wrong",
      "clipBegin": "00:00:24.741",
      "clipEnd": "00:00:39.736",
      "src": "../../../captions/audio/8e3f910c7bda445da70cd843d8731702.mp3"
    },
    {
      "id": "title",
      "clipBegin": "00:00:39.737",
      "clipEnd": "00:00:39.737",
      "src": "../../../captions/audio/8e3f910c7bda445da70cd843d8731702.mp3"
    },
    {
      "id": "stem",
      "clipBegin": "00:00:39.738",
      "clipEnd": "00:00:49.769",
      "src": "../../../captions/audio/8e3f910c7bda445da70cd843d8731702.mp3"
    },
    {
      "id": "question-0",
      "clipBegin": "00:00:49.770",
      "clipEnd": "00:00:49.770",
      "src": "../../../captions/audio/8e3f910c7bda445da70cd843d8731702.mp3"
    },
    {
      "id": "question-1",
      "clipBegin": "00:00:49.771",
      "clipEnd": "00:00:49.771",
      "src": "../../../captions/audio/8e3f910c7bda445da70cd843d8731702.mp3"
    },
    {
      "id": "question-2",
      "clipBegin": "00:00:49.772",
      "clipEnd": "00:00:49.772",
      "src": "../../../captions/audio/8e3f910c7bda445da70cd843d8731702.mp3"
    },
    {
      "id": "question-3",
      "clipBegin": "00:00:49.773",
      "clipEnd": "00:00:49.773",
      "src": "../../../captions/audio/8e3f910c7bda445da70cd843d8731702.mp3"
    },
    {
      "id": "hint-0",
      "clipBegin": "00:00:49.774",
      "clipEnd": "00:00:49.774",
      "src": "../../../captions/audio/8e3f910c7bda445da70cd843d8731702.mp3"
    },
    {
      "id": "hint-1",
      "clipBegin": "00:00:49.775",
      "clipEnd": "00:00:49.775",
      "src": "../../../captions/audio/8e3f910c7bda445da70cd843d8731702.mp3"
    },
    {
      "id": "hint-2",
      "clipBegin": "00:00:49.776",
      "clipEnd": "00:00:49.776",
      "src": "../../../captions/audio/8e3f910c7bda445da70cd843d8731702.mp3"
    },
    {
      "id": "hint-3",
      "clipBegin": "00:00:49.777",
      "clipEnd": "00:00:49.777",
      "src": "../../../captions/audio/8e3f910c7bda445da70cd843d8731702.mp3"
    }
  ]
}
