{
  "configuration": {
    "name": "widget_06837324645006821",
    "title": "",
    "stem": "test stem",
    "stemImage": "",
    "stemImageShown": false,
    "feedBack": {
      "attempts": "2",
      "firstWrongHint": "",
      "finalWrongHint": "",
      "correctHint": ""
    },
    "options": [
      {
        "image": "",
        "id": "inputData1",
        "name": "mc-opt-item-06761015402153134x1",
        "formula": "test1",
        "formulaText": "test1",
        "reveal": true,
        "hide": true
      },
      {
        "image": "",
        "id": "inputData2",
        "name": "mc-opt-item-06761015402153134x2",
        "formula": "test2",
        "formulaText": "test2",
        "reveal": false,
        "hide": true
      }
    ],
    "voiceOver": "",
    "tipText": "",
    "downloadLink": "",
    "instantFeedback": false,
    "teacherAnswer": "",
    "containerType": "main",
    "wrongAnswerAttempt": [],
    "questionImage": ""
  }
}
