{
  "ActivityTitle": "",
  "QuestionStem": "<p class=\"quill-source-editor\">test stem</p>",
  "Tip": "",
  "Summary": "",
  "Stimulus": {
    "image": {
      "src": "",
      "credits": ""
    },
    "text": {
      "src": ""
    },
    "audio": {
      "src": "",
      "caption": "",
      "credit": ""
    },
    "video": {
      "src": ""
    }
  },
  "containerType": "main",
  "options": [
    {
      "id": "inputData1",
      "content": "<p class=\"quill-source-editor\">test1</p>",
      "imgSrc": "",
      "reveal": true,
      "hide": true
    },
    {
      "id": "inputData2",
      "content": "<p class=\"quill-source-editor\">test2</p>",
      "imgSrc": "",
      "reveal": false,
      "hide": true
    }
  ],
  "isPracticeInteraction": false,
  "optionsAreImages": false,
  "AllowFullScreen": true,
  "AllowRefresh": true,
  "audioFile": "../../audio/manifests/config.json",
  "audioSchema": "reveal_audio_schema.json",
  "SummaryAltText": "",
  "VOIntro": ""
}
