{
  "ActivityTitle": "",
  "QuestionStem": "",
  "VOIntro": "Each card shows a word you will explore in this unit. Choose a card to find out more about the word.",
  "Tip": "",
  "Summary": "",
  "audioSchema": "",
  "options": [
    {
      "voiceOver": "Problem, something that needs to be fixed or made better.",
      "vocabulary": "<p class=\"quill-source-editor\">problem</p>",
      "image": "../../../../../img/cards/k_cnlese813816_2034v.jpg",
      "imageAlt": "This image shows a boy sitting at a desk writing on  paper. The tip of his pencil has broken off. Click to play the video.",
      "definition": "<p class=\"quill-source-editor\">Something that needs to be fixed or made better.</p>"
    },
    {
      "voiceOver": "Solution, something that helps fix a problem. ",
      "vocabulary": "<p class=\"quill-source-editor\">solution</p>",
      "image": "../../../../../img/cards/k_cnlese813816_2237v.jpg",
      "imageAlt": "In this photo, a boy puts a pencil in a pencil sharpener. Click to play the video.",
      "definition": "<p class=\"quill-source-editor\">Something that helps fix a problem.</p>"
    },
    {
      "voiceOver": "Engineer, someone who uses math and science to help solve problems.",
      "vocabulary": "<p class=\"quill-source-editor\">engineer</p>",
      "image": "../../../../../img/cards/k_cnlese813816_2238p.jpg",
      "imageAlt": "In this photo, a woman is building a machine.",
      "definition": "<p class=\"quill-source-editor\">Someone who uses math and science to help solve problems.</p>"
    }
  ],
  "Stimulus": {
    "image": {
      "src": "../../../../../img/chapter18/eld.svg",
      "altText": "",
      "credits": ""
    },
    "text": {
      "src": ""
    },
    "audio": {
      "src": "",
      "caption": "",
      "credit": ""
    },
    "video": {
      "src": ""
    }
  },
  "optionsAreImages": false,
  "optionsType": "text",
  "AudioFromRCE": true,
  "isPracticeInteraction": false,
  "qtype": "flip-card",
  "AllowFullScreen": true,
  "AllowRefresh": true,
  "ShowAnswerOption": false,
  "SubmitToTeacherOption": false,
  "MaxAttempts": 2
}
