{
  "configuration": {
    "voiceOver": "Each card shows a word you will explore in this unit. Choose a card to find out more about the word.",
    "stemImageShown": false,
    "collectVoiceOver": true,
    "ommitFeedback": true,
    "removeStemImage": true,
    "tipText": "",
    "options": [
      {
        "voiceOver": "Problem, something that needs to be fixed or made better.",
        "vocabulary": "problem",
        "image": "../../../../../img/cards/k_cnlese813816_2034v.jpg",
        "definition": "Something that needs to be fixed or made better.",
        "active": false,
        "imageAlt": "This image shows a boy sitting at a desk writing on  paper. The tip of his pencil has broken off. Click to play the video."
      },
      {
        "voiceOver": "Solution, something that helps fix a problem. ",
        "vocabulary": "solution",
        "image": "../../../../../img/cards/k_cnlese813816_2237v.jpg",
        "definition": "Something that helps fix a problem.",
        "active": false,
        "imageAlt": "In this photo, a boy puts a pencil in a pencil sharpener. Click to play the video."
      },
      {
        "voiceOver": "Engineer, someone who uses math and science to help solve problems.",
        "vocabulary": "engineer",
        "image": "../../../../../img/cards/k_cnlese813816_2238p.jpg",
        "definition": "Someone who uses math and science to help solve problems.",
        "active": false,
        "imageAlt": "In this photo, a woman is building a machine."
      }
    ],
    "stemImage": "",
    "questionImage": ""
  }
}
