{
  "configuration": {
    "name": "widget_021729955863743355",
    "title": "",
    "stem": "Which plant part takes in sunlight to make food?",
    "stemImage": "",
    "stemImageShown": false,
    "feedBack": {
      "attempts": "2",
      "firstWrongHint": "",
      "finalWrongHint": "That's not it. Leaves take in sunlight to make food.",
      "correctHint": ""
    },
    "options": [
      {
        "image": "",
        "capText": "leaves",
        "showCapText": true,
        "showAlphaSequence": true,
        "voiceOver": "Great job! Leaves take in sunlight to make food.",
        "value": "1",
        "isCorrect": true
      },
      {
        "image": "",
        "capText": "roots",
        "showCapText": true,
        "showAlphaSequence": true,
        "voiceOver": "That's not it. The roots take in water and nutrients from the soil. Try again.",
        "value": "2",
        "isCorrect": false
      },
      {
        "image": "",
        "name": "mc-opt-item-0419403803069921",
        "text": "",
        "capText": "stem",
        "showCapText": true,
        "showAlphaSequence": true,
        "value": "3",
        "isCorrect": false,
        "$$hashKey": "object:3",
        "hint": "",
        "id": "3",
        "voiceOver": "That's not it. A stem holds up a plant, and moves water to other parts of the plant. Try again."
      }
    ],
    "voiceOver": "Which plant part takes in sunlight to make food? Choose A. leaves, B. roots, or C. stem.\n\n",
    "tipText": "",
    "downloadLink": "",
    "instantFeedback": false,
    "teacherAnswer": "",
    "questionImage": "",
    "inputType": "radio",
    "showAlphaSequence": "true",
    "hasImages": false,
    "collectVoiceOver": true,
    "layout": {
      "text": "Main",
      "value": "main"
    }
  }
}
