{
  "ActivityTitle": "",
  "QuestionStem": "<p class=\"quill-source-editor\">Which plant part takes in sunlight to make food?</p>",
  "VOIntro": "Which plant part takes in sunlight to make food? Choose A. leaves, B. roots, or C. stem.\n\n",
  "Tip": "",
  "Summary": "",
  "options": [
    {
      "AnswerText": "<p class=\"quill-source-editor\">leaves</p>",
      "CannedResponse": "",
      "Feedback": "",
      "ImageCaption": "leaves",
      "ImageSrc": "",
      "ImageAlt": "",
      "value": 0,
      "CorrectAnswer": true,
      "VOFeedback": "Great job! Leaves take in sunlight to make food."
    },
    {
      "AnswerText": "<p class=\"quill-source-editor\">roots</p>",
      "CannedResponse": "",
      "Feedback": "",
      "ImageCaption": "roots",
      "ImageSrc": "",
      "ImageAlt": "",
      "value": 1,
      "CorrectAnswer": false,
      "VOFeedback": "That's not it. The roots take in water and nutrients from the soil. Try again."
    },
    {
      "AnswerText": "<p class=\"quill-source-editor\">stem</p>",
      "CannedResponse": "",
      "Feedback": "",
      "ImageCaption": "stem",
      "ImageSrc": "",
      "ImageAlt": "",
      "value": 2,
      "CorrectAnswer": false,
      "VOFeedback": "That's not it. A stem holds up a plant, and moves water to other parts of the plant. Try again."
    }
  ],
  "FinalCannedResponse": "",
  "FinalIncorrectFeedback": "",
  "FinalVOFeedback": "That's not it. Leaves take in sunlight to make food.",
  "AudioFromRCE": true,
  "qtype": "mcq",
  "AllowFullScreen": true,
  "AllowRefresh": true,
  "ShowAnswerOption": false,
  "SubmitToTeacherOption": false,
  "optionsAreImages": false,
  "hasInstantFeedback": false,
  "hasCustomAttempts": true,
  "MaxAttempts": 2,
  "Stimulus": {
    "image": {
      "src": "",
      "credits": ""
    },
    "text": {
      "src": ""
    },
    "audio": {
      "src": "",
      "caption": "",
      "credit": ""
    },
    "video": {
      "src": ""
    }
  },
  "audioFile": "../../audio/manifests/config.json",
  "audioSchema": "mcq_audio_schema.json"
}
