{
  "mapping_data": [

    {
      "source_key_name": "title",
      "target_key_name": "hotspot_title",
      "parent_name_1": "tracks.clipBegin",
      "parent_name_2": "tracks.clipEnd",
      "iterative": "yes",
      "difference_in_index": "playlists.id.trackIds",
      "reference_name": "id",
      "data_type": "hotspot-panel"
    },
    {
      "source_key_name": "description",
      "target_key_name": "hotspot_description",
      "parent_name_1": "tracks.clipBegin",
      "parent_name_2": "tracks.clipEnd",
      "iterative": "yes",
      "difference_in_index": "playlists.id.trackIds",
      "reference_name": "id",
      "data_type": "hotspot-panel"
    },
    {
      "source_key_name": "title",
      "target_key_name": "ActivityTitle",
      "parent_name_1": "tracks.clipBegin",
      "parent_name_2": "tracks.clipEnd",
      "iterative": "no",
      "difference_in_index": "",
      "reference_name": "id",
      "data_type": "text"
    },
    {
      "source_key_name": "stem",
      "target_key_name": "QuestionStem",
      "parent_name_1": "tracks.clipBegin",
      "parent_name_2": "tracks.clipEnd",
      "iterative": "no",
      "difference_in_index": "",
      "reference_name": "id",
      "data_type": "text"
    },
    {
      "source_key_name": "",
      "target_key_name": "",
      "parent_name_1": "tracks.src",
      "parent_name_2": "",
      "iterative": "yes",
      "difference_in_index": "0",
      "reference_name": "",
      "data_type": "srcpath"
    }

  ]
}
