{
  "type": "NGSS",
  "contentId": "",
  "playlists": [
    {
      "id": "intro",
      "trackIds": [
        "title",
        "stem"
      ]
    },
    {
      "id": "0",
      "trackIds": [
        "title-0",
        "description-0"
      ]
    },
    {
      "id": "1",
      "trackIds": [
        "title-1",
        "description-1"
      ]
    }
  ],
  "tracks": [
    {
      "id": "title",
      "clipBegin": "00:00:00.000",
      "clipEnd": "00:00:01.880",
      "src": "../../../captions/audio/9f6bc874f71e42e7a1de9b28f727edff.mp3"
    },
    {
      "id": "stem",
      "clipBegin": "00:00:01.881",
      "clipEnd": "00:00:28.709",
      "src": "../../../captions/audio/9f6bc874f71e42e7a1de9b28f727edff.mp3"
    },
    {
      "id": "description-0",
      "clipBegin": "00:00:28.710",
      "clipEnd": "00:00:28.710",
      "src": "../../../captions/audio/9f6bc874f71e42e7a1de9b28f727edff.mp3"
    },
    {
      "id": "description-1",
      "clipBegin": "00:00:28.711",
      "clipEnd": "00:00:28.711",
      "src": "../../../captions/audio/9f6bc874f71e42e7a1de9b28f727edff.mp3"
    },
    {
      "id": "title-0",
      "clipBegin": "00:00:28.712",
      "clipEnd": "00:00:29.496",
      "src": "../../../captions/audio/9f6bc874f71e42e7a1de9b28f727edff.mp3"
    },
    {
      "id": "title-1",
      "clipBegin": "00:00:29.497",
      "clipEnd": "00:00:30.333",
      "src": "../../../captions/audio/9f6bc874f71e42e7a1de9b28f727edff.mp3"
    }
  ]
}
