{
  "type": "ExpLib_Hot_Spot",
  "contentId": "",
  "playlists": [
    {
      "id": "start",
      "trackIds": [
        "ActivityTitle",
        "QuestionStem"
      ]
    },
    {
      "id": "tip",
      "trackIds": [
        "Tip"
      ]
    },
    {
      "id": "hotspot-panel-0",
      "trackIds": [
        "hotspot_title-0",
        "hotspot_description-0"
      ]
    },
    {
      "id": "hotspot-panel-1",
      "trackIds": [
        "hotspot_title-1",
        "hotspot_description-1"
      ]
    }
  ],
  "tracks": [
    {
      "id": "ActivityTitle",
      "clipBegin": "00:00:00.000",
      "clipEnd": "00:00:01.880",
      "src": "../../../../captions/audio/9f6bc874f71e42e7a1de9b28f727edff.mp3"
    },
    {
      "id": "QuestionStem",
      "clipBegin": "00:00:01.881",
      "clipEnd": "00:00:28.709",
      "src": "../../../../captions/audio/9f6bc874f71e42e7a1de9b28f727edff.mp3"
    },
    {
      "id": "Tip",
      "clipBegin": "00:00:00.000",
      "clipEnd": "00:00:00.001",
      "src": "../../../../captions/audio/9f6bc874f71e42e7a1de9b28f727edff.mp3"
    },
    {
      "id": "hotspot_description-0",
      "clipBegin": "00:00:28.710",
      "clipEnd": "00:00:28.711",
      "src": "../../../../captions/audio/9f6bc874f71e42e7a1de9b28f727edff.mp3"
    },
    {
      "id": "hotspot_description-1",
      "clipBegin": "00:00:28.711",
      "clipEnd": "00:00:28.712",
      "src": "../../../../captions/audio/9f6bc874f71e42e7a1de9b28f727edff.mp3"
    },
    {
      "id": "hotspot_title-0",
      "clipBegin": "00:00:28.712",
      "clipEnd": "00:00:29.496",
      "src": "../../../../captions/audio/9f6bc874f71e42e7a1de9b28f727edff.mp3"
    },
    {
      "id": "hotspot_title-1",
      "clipBegin": "00:00:29.497",
      "clipEnd": "00:00:30.333",
      "src": "../../../../captions/audio/9f6bc874f71e42e7a1de9b28f727edff.mp3"
    }
  ]
}
