{
  "ActivityTitle": "",
  "QuestionStem": "<p class=\"quill-source-editor\">Read the tools below, then answer the questions.</p>",
  "VOIntro": "",
  "Tip": "",
  "Summary": "",
  "audioFile": "../../../../captions/audio/image_gallery_ngss_G3_12.json",
  "audioSchema": "image_gallery_audio_schema.json",
  "images": [
    {
      "image": "../../../../../img/cards/3_cnlese813847_1667p-1.jpg",
      "caption": "<p class=\"quill-source-editor\">rain gauge  test2</p>",
      "altText": "<p class=\"quill-source-editor\">c thermo</p>",
      "credits": "",
      "voFeedback": ""
    },
    {
      "image": "../../../../../img/cards/3_cnlese813847_034p-1.jpg",
      "caption": "<p class=\"quill-source-editor\">wind vane test3</p>",
      "altText": "<p class=\"quill-source-editor\">a dir</p>",
      "credits": "",
      "voFeedback": ""
    },
    {
      "image": "../../../../../img/cards/3_cnlese813847_032p-1.jpg",
      "caption": "<p class=\"quill-source-editor\">thermometer</p>",
      "altText": "<p class=\"quill-source-editor\">a ther</p>",
      "credits": "",
      "voFeedback": ""
    }
  ],
  "AudioFromRCE": true,
  "qtype": "imageGallery",
  "AllowFullScreen": true,
  "AllowRefresh": true,
  "isPracticeInteraction": false
}
