{
  "configuration": {
    "name": "widget_09716376788013106",
    "title": "",
    "stem": "Read the tools below, then answer the questions.",
    "stemImage": "",
    "stemImageShown": false,
    "feedBack": {
      "attempts": "2",
      "firstWrongHint": "",
      "finalWrongHint": "",
      "correctHint": ""
    },
    "options": [
      {
        "image": "../../../../img/cards/3_cnlese813847_1667p-1.jpg",
        "caption": "rain gauge  test2",
        "active": true,
        "imageAlt": "c thermo",
        "voiceOver": ""
      },
      {
        "image": "../../../../img/cards/3_cnlese813847_034p-1.jpg",
        "caption": "wind vane test3" ,
        "active": false,
        "imageAlt": "a dir",
        "voiceOver": ""
      },
      {
        "image": "../../../../img/cards/3_cnlese813847_032p-1.jpg",
        "caption": "thermometer",
        "voiceOver": "",
        "video": "",
        "active": false,
        "imageAlt": "a ther"
      }
    ],
    "voiceOver": "",
    "tipText": "",
    "downloadLink": "",
    "instantFeedback": false,
    "teacherAnswer": "",
    "removeStemImage": true,
    "collectVoiceOver": true,
    "ommitFeedback": true,
    "questionImage": ""
  }
}
