{
  "type": "ExpLib_Line_Matching",
  "contentId": "",
  "playlists": [
    {
      "id": "start",
      "trackIds": [
        "ActivityTitle",
        "QuestionStem",
        "Stimulus",
        "Left-0",
        "Right-0",
        "Left-1",
        "Right-1",
        "Left-2",
        "Right-2"
      ]
    },
    {
      "id": "tip",
      "trackIds": [
        "Tip"
      ]
    },
    {
      "id": "left-0",
      "trackIds": [
        "Left-0"
      ]
    },
    {
      "id": "left-1",
      "trackIds": [
        "Left-1"
      ]
    },
    {
      "id": "left-2",
      "trackIds": [
        "Left-2"
      ]
    },
    {
      "id": "right-0",
      "trackIds": [
        "Right-0"
      ]
    },
    {
      "id": "right-1",
      "trackIds": [
        "Right-1"
      ]
    },
    {
      "id": "right-2",
      "trackIds": [
        "Right-2"
      ]
    },
    {
      "id": "Correct",
      "trackIds": [
        "CorrectCannedResponse",
        "CorrectFeedback"
      ]
    },
    {
      "id": "PartiallyCorrect",
      "trackIds": [
        "PartiallyCannedResponse",
        "PartiallyCorrectFeedback"
      ]
    },
    {
      "id": "Incorrect",
      "trackIds": [
        "FinalIncorrectCannedResponse",
        "FinalIncorrectFeedback"
      ]
    },
    {
      "id": "FinalIncorrect",
      "trackIds": [
        "FinalIncorrectCannedResponse",
        "FinalIncorrectFeedback"
      ]
    }
  ],
  "tracks": [
    {
      "id": "ActivityTitle",
      "clipBegin": "00:00:13.849",
      "clipEnd": "00:00:13.850",
      "src": "../../../../captions/audio/14bb3f2086974334910ac753eaeb6ac2.mp3"
    },
    {
      "id": "QuestionStem",
      "clipBegin": "00:00:13.850",
      "clipEnd": "00:00:17.403",
      "src": "../../../../captions/audio/14bb3f2086974334910ac753eaeb6ac2.mp3"
    },
    {
      "id": "Stimulus",
      "clipBegin": "00:00:00.000",
      "clipEnd": "00:00:00.001",
      "src": "../../../../captions/audio/14bb3f2086974334910ac753eaeb6ac2.mp3"
    },
    {
      "id": "Tip",
      "clipBegin": "00:00:00.000",
      "clipEnd": "00:00:00.001",
      "src": "../../../../captions/audio/14bb3f2086974334910ac753eaeb6ac2.mp3"
    },
    {
      "id": "Left-0",
      "clipBegin": "00:00:17.404",
      "clipEnd": "00:00:18.632",
      "src": "../../../../captions/audio/14bb3f2086974334910ac753eaeb6ac2.mp3"
    },
    {
      "id": "Left-1",
      "clipBegin": "00:00:18.633",
      "clipEnd": "00:00:18.634",
      "src": "../../../../captions/audio/14bb3f2086974334910ac753eaeb6ac2.mp3"
    },
    {
      "id": "Left-2",
      "clipBegin": "00:00:18.634",
      "clipEnd": "00:00:18.635",
      "src": "../../../../captions/audio/14bb3f2086974334910ac753eaeb6ac2.mp3"
    },
    {
      "id": "Right-0",
      "clipBegin": "00:00:18.635",
      "clipEnd": "00:00:21.978",
      "src": "../../../../captions/audio/14bb3f2086974334910ac753eaeb6ac2.mp3"
    },
    {
      "id": "Right-1",
      "clipBegin": "00:00:21.979",
      "clipEnd": "00:00:24.278",
      "src": "../../../../captions/audio/14bb3f2086974334910ac753eaeb6ac2.mp3"
    },
    {
      "id": "Right-2",
      "clipBegin": "00:00:24.279",
      "clipEnd": "00:00:26.604",
      "src": "../../../../captions/audio/14bb3f2086974334910ac753eaeb6ac2.mp3"
    },
    {
      "id": "CorrectCannedResponse",
      "clipBegin": "00:00:01.280",
      "clipEnd": "00:00:02.508",
      "src": "../../../../captions/audio/14bb3f2086974334910ac753eaeb6ac2.mp3"
    },
    {
      "id": "CorrectFeedback",
      "clipBegin": "00:00:07.422",
      "clipEnd": "00:00:13.848",
      "src": "../../../../captions/audio/14bb3f2086974334910ac753eaeb6ac2.mp3"
    },
    {
      "id": "PartiallyCannedResponse",
      "clipBegin": "00:00:00.000",
      "clipEnd": "00:00:01.280",
      "src": "../../../../captions/audio/14bb3f2086974334910ac753eaeb6ac2.mp3"
    },
    {
      "id": "PartiallyCorrectFeedback",
      "clipBegin": "00:00:04.260",
      "clipEnd": "00:00:07.421",
      "src": "../../../../captions/audio/14bb3f2086974334910ac753eaeb6ac2.mp3"
    },
    {
      "id": "FinalIncorrectCannedResponse",
      "clipBegin": "00:00:00.000",
      "clipEnd": "00:00:01.280",
      "src": "../../../../captions/audio/14bb3f2086974334910ac753eaeb6ac2.mp3"
    },
    {
      "id": "FinalIncorrectFeedback",
      "clipBegin": "00:00:07.422",
      "clipEnd": "00:00:13.848",
      "src": "../../../../captions/audio/14bb3f2086974334910ac753eaeb6ac2.mp3"
    }
  ]
}
