{
  "type": "NGSS",
  "contentId": "",
  "playlists": [
    {
      "id": "final-incorrect-feedback",
      "trackIds": [
        "not-it"
      ]
    },
    {
      "id": "incorrect-feedback",
      "trackIds": [
        "not-it",
        "wrong"
      ]
    },
    {
      "id": "correct-feedback",
      "trackIds": [
        "correct",
        "final-wrong"
      ]
    },
    {
      "id": "correct-answer-shown",
      "trackIds": [
        "correct-shown",
        "final-wrong"
      ]
    },
    {
      "id": "intro",
      "trackIds": [
        "title",
        "stem",
        "left-0",
        "right-0",
        "left-1",
        "right-1",
        "left-2",
        "right-2"
      ]
    }
  ],
  "tracks": [
    {
      "id": "not-it",
      "clipBegin": "00:00:00.000",
      "clipEnd": "00:00:01.280",
      "src": "../../../captions/audio/14bb3f2086974334910ac753eaeb6ac2.mp3"
    },
    {
      "id": "correct",
      "clipBegin": "00:00:01.280",
      "clipEnd": "00:00:02.508",
      "src": "../../../captions/audio/14bb3f2086974334910ac753eaeb6ac2.mp3"
    },
    {
      "id": "correct-shown",
      "clipBegin": "00:00:02.509",
      "clipEnd": "00:00:04.259",
      "src": "../../../captions/audio/14bb3f2086974334910ac753eaeb6ac2.mp3"
    },
    {
      "id": "wrong",
      "clipBegin": "00:00:04.260",
      "clipEnd": "00:00:07.421",
      "src": "../../../captions/audio/14bb3f2086974334910ac753eaeb6ac2.mp3"
    },
    {
      "id": "final-wrong",
      "clipBegin": "00:00:07.422",
      "clipEnd": "00:00:13.848",
      "src": "../../../captions/audio/14bb3f2086974334910ac753eaeb6ac2.mp3"
    },
    {
      "id": "title",
      "clipBegin": "00:00:13.849",
      "clipEnd": "00:00:13.849",
      "src": "../../../captions/audio/14bb3f2086974334910ac753eaeb6ac2.mp3"
    },
    {
      "id": "stem",
      "clipBegin": "00:00:13.850",
      "clipEnd": "00:00:17.403",
      "src": "../../../captions/audio/14bb3f2086974334910ac753eaeb6ac2.mp3"
    },
    {
      "id": "left-0",
      "clipBegin": "00:00:17.404",
      "clipEnd": "00:00:18.632",
      "src": "../../../captions/audio/14bb3f2086974334910ac753eaeb6ac2.mp3"
    },
    {
      "id": "left-1",
      "clipBegin": "00:00:18.633",
      "clipEnd": "00:00:18.633",
      "src": "../../../captions/audio/14bb3f2086974334910ac753eaeb6ac2.mp3"
    },
    {
      "id": "left-2",
      "clipBegin": "00:00:18.634",
      "clipEnd": "00:00:18.634",
      "src": "../../../captions/audio/14bb3f2086974334910ac753eaeb6ac2.mp3"
    },
    {
      "id": "right-0",
      "clipBegin": "00:00:18.635",
      "clipEnd": "00:00:21.978",
      "src": "../../../captions/audio/14bb3f2086974334910ac753eaeb6ac2.mp3"
    },
    {
      "id": "right-1",
      "clipBegin": "00:00:21.979",
      "clipEnd": "00:00:24.278",
      "src": "../../../captions/audio/14bb3f2086974334910ac753eaeb6ac2.mp3"
    },
    {
      "id": "right-2",
      "clipBegin": "00:00:24.279",
      "clipEnd": "00:00:26.604",
      "src": "../../../captions/audio/14bb3f2086974334910ac753eaeb6ac2.mp3"
    }
  ]
}
