{
  "ActivityTitle": "<p class=\"quill-source-editor\">Push or Pull?</p>",
  "QuestionStem": "<p class=\"quill-source-editor\">Look at the park picture. Can you tell which actions most likely show a push and which actions show a pull? Identify each action as either a &ldquo;push&rdquo; or a &ldquo;pull&rdquo; to show what happened to the object. Place your answers on the picture.</p>",
  "VOIntro": "",
  "Tip": "",
  "Summary": "",
  "image": "../../../../../img/cards/3_cnlese813847_99a.jpg",
  "layoutType": "TEXT",
  "inputType": "checkbox",
  "hotSpotWidth": 40,
  "hotSpotHeight": 44,
  "translucent": false,
  "options": [
    {
      "id": "Target1",
      "direction": "NONE",
      "label": "",
      "left": 34.5088161209068,
      "top": 0.224011200560028,
      "target": "option_2"
    },
    {
      "id": "Target2",
      "direction": "NONE",
      "label": "",
      "left": 0.3778337531486146,
      "top": 34.04970248512426,
      "target": "option_1"
    },
    {
      "id": "Target3",
      "label": "",
      "left": 55.66750629722922,
      "top": 86.02030101505075,
      "disabled": false,
      "active": false,
      "status": "active",
      "order": 3,
      "width": 0,
      "detailLayout": "TI",
      "direction": "NONE",
      "title": "[place holder TITLE]",
      "description": "[place holder DESCRIPTION]",
      "image": "images/placeholder.svg",
      "target": "option_1"
    },
    {
      "id": "Target4",
      "label": "",
      "left": 28.211586901763223,
      "top": 66.30731536576829,
      "disabled": false,
      "active": false,
      "status": "active",
      "order": 4,
      "width": 0,
      "detailLayout": "TI",
      "direction": "NONE",
      "title": "[place holder TITLE]",
      "description": "[place holder DESCRIPTION]",
      "image": "images/placeholder.svg",
      "target": "option_1"
    }
  ],
  "draggables": [
    {
      "id": "option_1",
      "label": "push",
      "target": ""
    },
    {
      "id": "option_2",
      "label": "pull",
      "target": ""
    }
  ],
  "Stimulus": {
    "image": {
      "src": "",
      "credits": ""
    },
    "text": {
      "src": ""
    },
    "audio": {
      "src": "",
      "caption": "",
      "credit": ""
    },
    "video": {
      "src": ""
    }
  },
  "instantFeedbackAllowed": false,
  "optionsAreImages": false,
  "optionsType": "text",
  "CorrectCannedResponse": "<p class=\"quill-source-editor\">Well Done.</p>",
  "CorrectFeedback": "<p class=\"quill-source-editor\">The boy pulls the wagon. The others are pushing objects.</p>",
  "PartiallyCannedResponse": "<p class=\"quill-source-editor\">That's not it.</p>",
  "PartiallyCorrectFeedback": "<p class=\"quill-source-editor\">One person in this picture is pulling. The rest are pushing.</p>",
  "IncorrectCannedResponse": "<p class=\"quill-source-editor\">That's not it.</p>",
  "IncorrectFeedback": "<p class=\"quill-source-editor\">One person in this picture is pulling. The rest are pushing.</p>",
  "FinalIncorrectCannedResponse": "<p class=\"quill-source-editor\">That’s not it.</p>",
  "FinalIncorrectFeedback": "<p class=\"quill-source-editor\">The boy pulls the wagon. The others are pushing objects.</p>",
  "CorrectVOFeedback": "",
  "PartiallyCorrectVOFeedback": "",
  "IncorrectVOFeedback": "",
  "FinalIncorrectVOFeedback": "",
  "AudioFromRCE": true,
  "isPracticeInteraction": true,
  "AllowFullScreen": true,
  "AllowRefresh": true,
  "ShowAnswerOption": true,
  "SubmitToTeacherOption": false,
  "MaxAttempts": 2,
  "audioFile": "../../audio/manifests/config.json",
  "audioSchema": "drag_drop_background_audio_schema.json",
  "selectedLocale": "en-US"
}
