{
  "configuration": {
    "name": "widget_010878040273538936",
    "title": "Push or Pull?",
    "stem": "Look at the park picture. Can you tell which actions most likely show a push and which actions show a pull? Identify each action as either a &ldquo;push&rdquo; or a &ldquo;pull&rdquo; to show what happened to the object. Place your answers on the picture.",
    "stemImage": "",
    "stemImageShown": false,
    "feedBack": {
      "attempts": "2",
      "firstWrongHint": "One person in this picture is pulling. The rest are pushing.",
      "finalWrongHint": "The boy pulls the wagon. The others are pushing objects."
    },
    "options": [
      {
        "image": "",
        "id": "Target1",
        "direction": "NONE",
        "left": 34.5088161209068,
        "top": 0.224011200560028,
        "target": "option_2"
      },
      {
        "image": "",
        "id": "Target2",
        "direction": "NONE",
        "left": 0.3778337531486146,
        "top": 34.04970248512426,
        "target": "option_1"
      },
      {
        "image": "",
        "id": "Target3",
        "direction": "NONE",
        "left": 55.66750629722922,
        "top": 86.02030101505075,
        "target": "option_1"
      },
      {
        "image": "",
        "id": "Target4",
        "direction": "NONE",
        "left": 28.211586901763223,
        "top": 66.30731536576829,
        "target": "option_1"
      }
    ],
    "voiceOver": "",
    "tipText": "",
    "downloadLink": "",
    "instantFeedback": false,
    "teacherAnswer": "",
    "image": "../../../../img/cards/3_cnlese813847_99a.jpg",
    "layoutType": "TEXT",
    "inputType": "checkbox",
    "hotSpotWidth": 40,
    "hotSpotHeight": 44,
    "draggables": [
      {
        "id": "option_1",
        "label": "push"
      },
      {
        "id": "option_2",
        "label": "pull"
      }
    ],
    "questionImage": ""
  }
}
