{
  "type": "ExpLib_MCQ",
  "contentId": "",
  "playlists": [
    {
      "id": "start",
      "trackIds": [
        "ActivityTitle",
        "QuestionStem",
        "optionsAnswerText-0",
        "optionsAnswerText-1",
        "optionsAnswerText-2",
        "optionsAnswerText-3"
      ]
    },
    {
      "id": "Incorrect-0",
      "trackIds": [
        "optionsCannedResponse-0",
        "optionsFeedback-0"
      ]
    },
    {
      "id": "Incorrect-1",
      "trackIds": [
        "optionsCannedResponse-1",
        "optionsFeedback-1"
      ]
    },
    {
      "id": "Incorrect-2",
      "trackIds": [
        "optionsCannedResponse-2",
        "optionsFeedback-2"
      ]
    },
    {
      "id": "Incorrect-3",
      "trackIds": [
        "optionsCannedResponse-3",
        "optionsFeedback-3"
      ]
    },
    {
      "id": "CorrectSingle",
      "trackIds": [
        "optionsCannedResponse-2",
        "optionsFeedback-2"
      ]
    },
    {
      "id": "tip",
      "trackIds": [
        "Tip"
      ]
    },
    {
      "id": "Correct",
      "trackIds": [
        "CorrectCannedResponse",
        "CorrectFeedback"
      ]
    },
    {
      "id": "Incorrect",
      "trackIds": [
        "IncorrectCannedResponse",
        "IncorrectFeedback"
      ]
    },
    {
      "id": "FinalIncorrect",
      "trackIds": [
        "FinalIncorrectCannedResponse",
        "FinalIncorrectFeedback"
      ]
    },
    {
      "id": "FinalIncorrectSingle",
      "trackIds": [
        "FinalCannedResponse",
        "FinalIncorrectFeedback"
      ]
    },
    {
      "id": "PartiallyCorrect",
      "trackIds": [
        "PartiallyCannedResponse",
        "PartiallyCorrectFeedback"
      ]
    }
  ],
  "tracks": [
    {
      "id": "ActivityTitle",
      "clipBegin": "00:00:15.156",
      "clipEnd": "00:00:15.157",
      "src": "../../../../captions/audio/93a9645b2b584b74bce8f801d7631973.mp3"
    },
    {
      "id": "QuestionStem",
      "clipBegin": "00:00:15.157",
      "clipEnd": "00:00:22.027",
      "src": "../../../../captions/audio/93a9645b2b584b74bce8f801d7631973.mp3"
    },
    {
      "id": "optionsAnswerText-0",
      "clipBegin": "00:00:22.028",
      "clipEnd": "00:00:24.379",
      "src": "../../../../captions/audio/93a9645b2b584b74bce8f801d7631973.mp3"
    },
    {
      "id": "optionsAnswerText-1",
      "clipBegin": "00:00:24.380",
      "clipEnd": "00:00:26.757",
      "src": "../../../../captions/audio/93a9645b2b584b74bce8f801d7631973.mp3"
    },
    {
      "id": "optionsAnswerText-2",
      "clipBegin": "00:00:26.758",
      "clipEnd": "00:00:29.789",
      "src": "../../../../captions/audio/93a9645b2b584b74bce8f801d7631973.mp3"
    },
    {
      "id": "optionsAnswerText-3",
      "clipBegin": "00:00:29.790",
      "clipEnd": "00:00:31.801",
      "src": "../../../../captions/audio/93a9645b2b584b74bce8f801d7631973.mp3"
    },
    {
      "id": "optionsCannedResponse-0",
      "clipBegin": "00:00:00.000",
      "clipEnd": "00:00:01.149",
      "src": "../../../../captions/audio/93a9645b2b584b74bce8f801d7631973.mp3"
    },
    {
      "id": "optionsCannedResponse-1",
      "clipBegin": "00:00:00.000",
      "clipEnd": "00:00:01.149",
      "src": "../../../../captions/audio/93a9645b2b584b74bce8f801d7631973.mp3"
    },
    {
      "id": "optionsCannedResponse-2",
      "clipBegin": "00:00:01.150",
      "clipEnd": "00:00:01.856",
      "src": "../../../../captions/audio/93a9645b2b584b74bce8f801d7631973.mp3"
    },
    {
      "id": "optionsCannedResponse-3",
      "clipBegin": "00:00:00.000",
      "clipEnd": "00:00:01.149",
      "src": "../../../../captions/audio/93a9645b2b584b74bce8f801d7631973.mp3"
    },
    {
      "id": "optionsFeedback-0",
      "clipBegin": "00:00:03.503",
      "clipEnd": "00:00:08.545",
      "src": "../../../../captions/audio/93a9645b2b584b74bce8f801d7631973.mp3"
    },
    {
      "id": "optionsFeedback-1",
      "clipBegin": "00:00:03.503",
      "clipEnd": "00:00:08.545",
      "src": "../../../../captions/audio/93a9645b2b584b74bce8f801d7631973.mp3"
    },
    {
      "id": "optionsFeedback-2",
      "clipBegin": "00:00:08.546",
      "clipEnd": "00:00:15.155",
      "src": "../../../../captions/audio/93a9645b2b584b74bce8f801d7631973.mp3"
    },
    {
      "id": "optionsFeedback-3",
      "clipBegin": "00:00:03.503",
      "clipEnd": "00:00:08.545",
      "src": "../../../../captions/audio/93a9645b2b584b74bce8f801d7631973.mp3"
    },
    {
      "id": "Tip",
      "clipBegin": "00:00:00.000",
      "clipEnd": "00:00:00.001",
      "src": "../../../../captions/audio/93a9645b2b584b74bce8f801d7631973.mp3"
    },
    {
      "id": "CorrectCannedResponse",
      "clipBegin": "00:00:01.150",
      "clipEnd": "00:00:01.856",
      "src": "../../../../captions/audio/93a9645b2b584b74bce8f801d7631973.mp3"
    },
    {
      "id": "CorrectFeedback",
      "clipBegin": "00:00:08.546",
      "clipEnd": "00:00:15.155",
      "src": "../../../../captions/audio/93a9645b2b584b74bce8f801d7631973.mp3"
    },
    {
      "id": "PartiallyCannedResponse",
      "clipBegin": "00:00:00.000",
      "clipEnd": "00:00:01.149",
      "src": "../../../../captions/audio/93a9645b2b584b74bce8f801d7631973.mp3"
    },
    {
      "id": "PartiallyCorrectFeedback",
      "clipBegin": "00:00:03.503",
      "clipEnd": "00:00:08.545",
      "src": "../../../../captions/audio/93a9645b2b584b74bce8f801d7631973.mp3"
    },
    {
      "id": "IncorrectCannedResponse",
      "clipBegin": "00:00:00.000",
      "clipEnd": "00:00:01.149",
      "src": "../../../../captions/audio/93a9645b2b584b74bce8f801d7631973.mp3"
    },
    {
      "id": "IncorrectFeedback",
      "clipBegin": "00:00:03.503",
      "clipEnd": "00:00:08.545",
      "src": "../../../../captions/audio/93a9645b2b584b74bce8f801d7631973.mp3"
    },
    {
      "id": "FinalCannedResponse",
      "clipBegin": "00:00:00.000",
      "clipEnd": "00:00:01.149",
      "src": "../../../../captions/audio/93a9645b2b584b74bce8f801d7631973.mp3"
    },
    {
      "id": "FinalIncorrectCannedResponse",
      "clipBegin": "00:00:00.000",
      "clipEnd": "00:00:00.001",
      "src": "../../../../captions/audio/93a9645b2b584b74bce8f801d7631973.mp3"
    },
    {
      "id": "FinalIncorrectFeedback",
      "clipBegin": "00:00:08.546",
      "clipEnd": "00:00:15.155",
      "src": "../../../../captions/audio/93a9645b2b584b74bce8f801d7631973.mp3"
    }
  ]
}