{
  "type": "NGSS",
  "contentId": "",
  "playlists": [
    {
      "id": "final-incorrect-feedback",
      "trackIds": [
        "not-it"
      ]
    },
    {
      "id": "incorrect-feedback",
      "trackIds": [
        "not-it",
        "wrong"
      ]
    },
    {
      "id": "correct-feedback",
      "trackIds": [
        "correct",
        "final-wrong"
      ]
    },
    {
      "id": "correct-answer-shown",
      "trackIds": [
        "correct-shown",
        "final-wrong"
      ]
    },
    {
      "id": "intro",
      "trackIds": [
        "title",
        "stem",
        "question-0",
        "question-1",
        "question-2",
        "question-3"
      ]
    },
    {
      "id": "hint-0",
      "trackIds": [
        "not-it",
        "hint-0"
      ]
    },
    {
      "id": "hint-1",
      "trackIds": [
        "not-it",
        "hint-1"
      ]
    },
    {
      "id": "hint-2",
      "trackIds": [
        "not-it",
        "hint-2"
      ]
    },
    {
      "id": "hint-3",
      "trackIds": [
        "not-it",
        "hint-3"
      ]
    }
  ],
  "tracks": [
    {
      "id": "not-it",
      "clipBegin": "00:00:00.000",
      "clipEnd": "00:00:01.149",
      "src": "../../../captions/audio/93a9645b2b584b74bce8f801d7631973.mp3"
    },
    {
      "id": "correct",
      "clipBegin": "00:00:01.150",
      "clipEnd": "00:00:01.856",
      "src": "../../../captions/audio/93a9645b2b584b74bce8f801d7631973.mp3"
    },
    {
      "id": "correct-shown",
      "clipBegin": "00:00:01.857",
      "clipEnd": "00:00:03.502",
      "src": "../../../captions/audio/93a9645b2b584b74bce8f801d7631973.mp3"
    },
    {
      "id": "wrong",
      "clipBegin": "00:00:03.503",
      "clipEnd": "00:00:08.545",   
      "src": "../../../captions/audio/93a9645b2b584b74bce8f801d7631973.mp3"
    },
    {
      "id": "final-wrong",
      "clipBegin": "00:00:08.546",
      "clipEnd": "00:00:15.155",
      "src": "../../../captions/audio/93a9645b2b584b74bce8f801d7631973.mp3"
    },
    {
      "id": "title",
      "clipBegin": "00:00:15.156",
      "clipEnd": "00:00:15.156",
      "src": "../../../captions/audio/93a9645b2b584b74bce8f801d7631973.mp3"
    },
    {
      "id": "stem",
      "clipBegin": "00:00:15.157",
      "clipEnd": "00:00:22.027",
      "src": "../../../captions/audio/93a9645b2b584b74bce8f801d7631973.mp3"
    },
    {
      "id": "question-0",
      "clipBegin": "00:00:22.028",
      "clipEnd": "00:00:24.379",
      "src": "../../../captions/audio/93a9645b2b584b74bce8f801d7631973.mp3"
    },
    {
      "id": "question-1",
      "clipBegin": "00:00:24.380",
      "clipEnd": "00:00:26.757",
      "src": "../../../captions/audio/93a9645b2b584b74bce8f801d7631973.mp3"
    },
    {
      "id": "question-2",
      "clipBegin": "00:00:26.758",
      "clipEnd": "00:00:29.789",
      "src": "../../../captions/audio/93a9645b2b584b74bce8f801d7631973.mp3"
    },
    {
      "id": "question-3",
      "clipBegin": "00:00:29.790",
      "clipEnd": "00:00:31.801",
      "src": "../../../captions/audio/93a9645b2b584b74bce8f801d7631973.mp3"
    },
    {
      "id": "hint-0",
      "clipBegin": "00:00:31.802",
      "clipEnd": "00:00:31.802",
      "src": "../../../captions/audio/93a9645b2b584b74bce8f801d7631973.mp3"
    },
    {
      "id": "hint-1",
      "clipBegin": "00:00:31.803",
      "clipEnd": "00:00:31.803",
      "src": "../../../captions/audio/93a9645b2b584b74bce8f801d7631973.mp3"
    },
    {
      "id": "hint-2",
      "clipBegin": "00:00:31.804",
      "clipEnd": "00:00:31.804",
      "src": "../../../captions/audio/93a9645b2b584b74bce8f801d7631973.mp3"
    },
    {
      "id": "hint-3",
      "clipBegin": "00:00:31.805",
      "clipEnd": "00:00:31.805",
      "src": "../../../captions/audio/93a9645b2b584b74bce8f801d7631973.mp3"
    }
  ]
}
