{"configuration":{"name":"widget_06693377519571369","title":"Starting Temperature","stem":"Use the table to record your data.","stemImage":"","stemImageShown":false,"feedBack":{"attempts":"2","firstWrongHint":"","finalWrongHint":"","correctHint":""},"options":[{"image":"","id":"inputData1","cells":[{"id":"col1","type":"label","label":"0","inputData":"","unit":"","hint":"","image":"","position":"1"},{"id":"col2","type":"inputData","label":"","inputData":"","unit":"","hint":"","image":"","position":"2"},{"id":"col-0794707928029059","type":"inputData","label":"","position":3,"inputData":"","unit":"","hint":"","image":"","correctOption":""}]}],"voiceOver":"","tipText":"","downloadLink":"","instantFeedback":false,"teacherAnswer":"","migrated":true,"typeWidth":"feature","tableHeader":"","columnCount":"3","splitColumn":"one-half|one-half","showUnitText":"true","answerType":"Image","tableOption":"true","possibleAnswer":"","headers":[{"value":"1","text":"Time (minutes)"},{"value":"2","text":"Temperature of covered bottle (°C)"},{"value":3,"text":"Temperature of uncovered bottle (°C)"}],"questionImage":"","fixedGridLayout":false}}
