{
  "assets_config": {
    "image_path": "../../../../../img/cards/",
    "audio_path": "",
    "video_path": ""
  },
  "mapping_data": [
    {
      "source_key_name": "title",
      "target_key_name": "ActivityTitle",
      "source_parent_name": "configuration",
      "target_parent_name": "",
      "iterative": "no",
      "para_tag": "yes",
      "difference_in_index": "0",
      "data_type": "text"
    },
    {
      "source_key_name": "stem",
      "target_key_name": "QuestionStem",
      "source_parent_name": "configuration",
      "target_parent_name": "",
      "iterative": "no",
      "para_tag": "yes",
      "difference_in_index": "0",
      "data_type": "text"
    },
    {
      "source_key_name": "voiceOver",
      "target_key_name": "VOIntro",
      "source_parent_name": "configuration",
      "target_parent_name": "",
      "iterative": "no",
      "para_tag": "yes",
      "difference_in_index": "0",
      "data_type": "text"
    },
    {
      "source_key_name": "tipText",
      "target_key_name": "Tip",
      "source_parent_name": "configuration",
      "target_parent_name": "",
      "iterative": "no",
      "para_tag": "yes",
      "difference_in_index": "0",
      "data_type": "text"
    },
    {
      "source_key_name": "stemImage",
      "target_key_name": "src",
      "source_parent_name": "configuration",
      "target_parent_name": "Stimulus.image",
      "iterative": "no",
      "para_tag": "no",
      "difference_in_index": "0",
      "data_type": "image"
    },
    {
      "source_key_name": "stemImageAlt",
      "target_key_name": "altText",
      "source_parent_name": "configuration",
      "target_parent_name": "Stimulus.image",
      "iterative": "no",
      "para_tag": "no",
      "difference_in_index": "0",
      "data_type": "text"
    },
    {
      "source_key_name": "id",
      "target_key_name": "id",
      "source_parent_name": "configuration.options",
      "target_parent_name": "options",
      "iterative": "yes",
      "para_tag": "no",
      "difference_in_index": "0",
      "data_type": "text"
    },
    {
      "source_key_name": "id",
      "target_key_name": "id",
      "source_parent_name": "configuration.options.cells",
      "target_parent_name": "options.cells",
      "iterative": "yes",
      "para_tag": "no",
      "difference_in_index": "0",
      "data_type": "text"
    },
    {
      "source_key_name": "type",
      "target_key_name": "type",
      "source_parent_name": "configuration.options.cells",
      "target_parent_name": "options.cells",
      "iterative": "yes",
      "para_tag": "no",
      "difference_in_index": "0",
      "data_type": "text"
    },

    {
      "source_key_name": "label",
      "target_key_name": "label",
      "source_parent_name": "configuration.options.cells",
      "target_parent_name": "options.cells",
      "iterative": "yes",
      "para_tag": "yes",
      "difference_in_index": "0",
      "data_type": "text"
    },
    {
      "source_key_name": "inputData",
      "target_key_name": "inputData",
      "source_parent_name": "configuration.options.cells",
      "target_parent_name": "options.cells",
      "iterative": "yes",
      "para_tag": "no",
      "difference_in_index": "0",
      "data_type": "text"
    },
    {
      "source_key_name": "position",
      "target_key_name": "position",
      "source_parent_name": "configuration.options.cells",
      "target_parent_name": "options.cells",
      "iterative": "yes",
      "para_tag": "no",
      "difference_in_index": "0",
      "data_type": "text"
    },
    {
      "source_key_name": "unit",
      "target_key_name": "unit",
      "source_parent_name": "configuration.options.cells",
      "target_parent_name": "options.cells",
      "iterative": "yes",
      "para_tag": "no",
      "difference_in_index": "0",
      "data_type": "text"
    },
    {
      "source_key_name": "hint",
      "target_key_name": "hint",
      "source_parent_name": "configuration.options.cells",
      "target_parent_name": "options.cells",
      "iterative": "yes",
      "para_tag": "no",
      "difference_in_index": "0",
      "data_type": "text"
    },
    {
      "source_key_name": "image",
      "target_key_name": "image",
      "source_parent_name": "configuration.options.cells",
      "target_parent_name": "options.cells",
      "iterative": "yes",
      "para_tag": "no",
      "difference_in_index": "0",
      "data_type": "image"
    },

    {
      "source_key_name": "possibleAnswer",
      "target_key_name": "SampleAnswer",
      "source_parent_name": "configuration",
      "target_parent_name": "",
      "iterative": "no",
      "para_tag": "yes",
      "difference_in_index": "0",
      "data_type": "text"
    },
    {
      "source_key_name": "typeWidth",
      "target_key_name": "typeWidth",
      "source_parent_name": "configuration",
      "target_parent_name": "",
      "iterative": "no",
      "para_tag": "no",
      "difference_in_index": "0",
      "data_type": "text"
    },
    {
      "source_key_name": "tableHeader",
      "target_key_name": "tableHeader",
      "source_parent_name": "configuration",
      "target_parent_name": "",
      "iterative": "no",
      "para_tag": "no",
      "difference_in_index": "0",
      "data_type": "text"
    },
    {
      "source_key_name": "columnCount",
      "target_key_name": "columnCount",
      "source_parent_name": "configuration",
      "target_parent_name": "",
      "iterative": "no",
      "para_tag": "no",
      "difference_in_index": "0",
      "data_type": "text"
    },
    {
      "source_key_name": "splitColumn",
      "target_key_name": "splitColumn",
      "source_parent_name": "configuration",
      "target_parent_name": "",
      "iterative": "no",
      "para_tag": "no",
      "difference_in_index": "0",
      "data_type": "text"
    },
    {
      "source_key_name": "answerType",
      "target_key_name": "answerType",
      "source_parent_name": "configuration",
      "target_parent_name": "",
      "iterative": "no",
      "para_tag": "no",
      "difference_in_index": "0",
      "data_type": "text"
    },
    {
      "source_key_name": "showUnitText",
      "target_key_name": "showUnitText",
      "source_parent_name": "configuration",
      "target_parent_name": "",
      "iterative": "no",
      "para_tag": "no",
      "difference_in_index": "0",
      "data_type": "text"
    },
    {
      "source_key_name": "tableOption",
      "target_key_name": "tableOption",
      "source_parent_name": "configuration",
      "target_parent_name": "",
      "iterative": "no",
      "para_tag": "no",
      "difference_in_index": "0",
      "data_type": "text"
    },
    {
      "source_key_name": "fixedGridLayout",
      "target_key_name": "fixedGridLayout",
      "source_parent_name": "configuration",
      "target_parent_name": "",
      "iterative": "no",
      "para_tag": "no",
      "difference_in_index": "0",
      "data_type": "text"
    },
    {
      "source_key_name": "value",
      "target_key_name": "value",
      "source_parent_name": "configuration.headers",
      "target_parent_name": "headers",
      "iterative": "yes",
      "para_tag": "no",
      "difference_in_index": "0",
      "data_type": "text"
    },
    {
      "source_key_name": "text",
      "target_key_name": "text",
      "source_parent_name": "configuration.headers",
      "target_parent_name": "headers",
      "iterative": "yes",
      "para_tag": "no",
      "difference_in_index": "0",
      "data_type": "text"
    }

  ]
}
