{
  "ActivityTitle": "<p class=\"quill-source-editor\">Starting Temperature</p>",
  "QuestionStem": "<p class=\"quill-source-editor\">Use the table to record your data.</p>",
  "Tip": "",
  "Summary": "",
  "no-SampleAnswer": "",
  "SampleAnswer": "",
  "qtype": "box",
  "AudioFromRCE": false,
  "AllowAudio": true,
  "AllowFullScreen": true,
  "AllowRefresh": true,
  "isPracticeInteraction": false,
  "SampleAnswerMode": "stack",
  "VOIntro": "",
  "tableHeader": "",
  "columnCount": "3",
  "splitColumn": "one-half|one-half",
  "showUnitText": "true",
  "answerType": "Image",
  "tableOption": "true",
  "possibleAnswer": "",
  "fixedGridLayout": false,
  "headers": [
    {
      "value": "1",
      "text": "Time (minutes)"
    },
    {
      "value": "2",
      "text": "Temperature of covered bottle (°C)"
    },
    {
      "value": 3,
      "text": "Temperature of uncovered bottle (°C)"
    }
  ],
  "options": [
    {
      "id": "inputData1",
      "cells": [
        {
          "id": "col1",
          "type": "label",
          "label": "<p class=\"quill-source-editor\">0</p>",
          "inputData": "",
          "unit": "",
          "hint": "",
          "image": "",
          "position": "1"
        },
        {
          "id": "col2",
          "type": "inputData",
          "label": "",
          "inputData": "",
          "unit": "",
          "hint": "",
          "image": "",
          "position": "2"
        },
        {
          "id": "col-0794707928029059",
          "type": "inputData",
          "label": "",
          "inputData": "",
          "unit": "",
          "hint": "",
          "image": "",
          "position": 3
        }
      ]
    }
  ],
  "Stimulus": {
    "image": {
      "src": "",
      "no-src": "",
      "credits": ""
    },
    "text": {
      "src": ""
    },
    "audio": {
      "src": "",
      "caption": "",
      "credit": ""
    },
    "video": {
      "no-src": "",
      "src": ""
    }
  },
  "audioFile": "",
  "audioSchema": "short_text_table_audio_schema.json",
  "typeWidth": "feature"
}
