{
  "configuration": {
    "name": "widget_07168442965596857",
    "title": "",
    "stem": "Select the measurement from each tool from the options below.",
    "stemImage": "",
    "stemImageShown": false,
    "feedBack": {
      "attempts": "2",
      "firstWrongHint": "Remember that the rain gauge measurement is to the nearest inch, the wind vane points in the direction the wind is coming from, and each mark on the Fahrenheit side of the thermometer shows a change of 2 degrees.",
      "finalWrongHint": "The rain gauge shows 4 inches of rain, the wind vane shows wind coming from the west, and the thermometer shows a temperature of 72 ºF. ",
      "correctHint": ""
    },
    "options": [
      {
        "image": "",
        "id": "inputData1",
        "label": "About how many inches of rain are shown?",
        "dropdown": [
          {
            "name": "mc-opt-item-028151441155932844",
            "value": "2",
            "isCorrect": false,
            "hint": ""
          },
          {
            "name": "mc-opt-item-028151441155932845",
            "value": "4",
            "isCorrect": true,
            "hint": ""
          },
          {
            "name": "mc-opt-item-1477664197900",
            "value": "5",
            "isCorrect": false,
            "hint": ""
          }
        ]
      },
      {
        "image": "",
        "id": "inputData2",
        "label": "Wind is from the...",
        "dropdown": [
          {
            "name": "mc-opt-item-0635552900664538",
            "value": "north",
            "isCorrect": false,
            "hint": ""
          },
          {
            "name": "mc-opt-item-049061978346541957",
            "value": "south",
            "isCorrect": false,
            "hint": ""
          },
          {
            "name": "mc-opt-item-1477664224456",
            "value": "east",
            "isCorrect": false,
            "hint": ""
          },
          {
            "name": "mc-opt-item-1477664225273",
            "value": "west",
            "isCorrect": true,
            "hint": ""
          }
        ]
      },
      {
        "image": "",
        "id": "inputData3",
        "label": "The temperature is...",
        "dropdown": [
          {
            "name": "mc-opt-item-03010262692501571",
            "value": "66 °F",
            "isCorrect": false,
            "hint": ""
          },
          {
            "name": "mc-opt-item-046424047506842014",
            "value": "72 °F",
            "isCorrect": true,
            "hint": ""
          },
          {
            "name": "mc-opt-item-1477664303202",
            "value": "25 °F",
            "isCorrect": false,
            "hint": ""
          }
        ]
      }
    ],
    "voiceOver": "",
    "tipText": "",
    "downloadLink": "",
    "instantFeedback": false,
    "teacherAnswer": "",
    "inputType": "single",
    "layout": {
      "text": "One Column",
      "value": "col-xs-12"
    },
    "wrongAnswerAttempt": [],
    "questionImage": "",
    "tries": 1
  }
}
