{
  "ActivityTitle": "",
  "QuestionStem": "<p class=\"quill-source-editor\">Select the measurement from each tool from the options below.</p>",
  "VOIntro": "",
  "Tip": "",
  "Summary": "",
  "options": [
    {
      "PreQuestion": "<p class=\"quill-source-editor\">About how many inches of rain are shown?</p>",
      "PostQuestion": "",
      "value": "<p class=\"quill-source-editor\">inputData1</p>",
      "CorrectAnswer": 1,
      "Paragraph": false,
      "dropdownOptions": [
        "<p class=\"quill-source-editor\">2</p>",
        "<p class=\"quill-source-editor\">4</p>",
        "<p class=\"quill-source-editor\">5</p>"
      ],
      "_tempDropdownOptions": [
        {
          "tempId": "mc-opt-item-028151441155932844",
          "value": "<p class=\"quill-source-editor\">2</p>",
          "correctAnswer": false
        },
        {
          "tempId": "mc-opt-item-028151441155932845",
          "value": "<p class=\"quill-source-editor\">4</p>",
          "correctAnswer": true
        },
        {
          "tempId": "mc-opt-item-1477664197900",
          "value": "<p class=\"quill-source-editor\">5</p>",
          "correctAnswer": false
        }
      ]
    },
    {
      "PreQuestion": "<p class=\"quill-source-editor\">Wind is from the...</p>",
      "PostQuestion": "",
      "value": "<p class=\"quill-source-editor\">inputData2</p>",
      "CorrectAnswer": 3,
      "Paragraph": false,
      "dropdownOptions": [
        "<p class=\"quill-source-editor\">north</p>",
        "<p class=\"quill-source-editor\">south</p>",
        "<p class=\"quill-source-editor\">east</p>",
        "<p class=\"quill-source-editor\">west</p>"
      ],
      "_tempDropdownOptions": [
        {
          "tempId": "mc-opt-item-0635552900664538",
          "value": "<p class=\"quill-source-editor\">north</p>",
          "correctAnswer": false
        },
        {
          "tempId": "mc-opt-item-049061978346541957",
          "value": "<p class=\"quill-source-editor\">south</p>",
          "correctAnswer": false
        },
        {
          "tempId": "mc-opt-item-1477664224456",
          "value": "<p class=\"quill-source-editor\">east</p>",
          "correctAnswer": false
        },
        {
          "tempId": "mc-opt-item-1477664225273",
          "value": "<p class=\"quill-source-editor\">west</p>",
          "correctAnswer": true
        }
      ]
    },
    {
      "PreQuestion": "<p class=\"quill-source-editor\">The temperature is...</p>",
      "PostQuestion": "",
      "value": "<p class=\"quill-source-editor\">inputData3</p>",
      "CorrectAnswer": 1,
      "Paragraph": false,
      "dropdownOptions": [
        "<p class=\"quill-source-editor\">66 °F</p>",
        "<p class=\"quill-source-editor\">72 °F</p>",
        "<p class=\"quill-source-editor\">25 °F</p>"
      ],
      "_tempDropdownOptions": [
        {
          "tempId": "mc-opt-item-03010262692501571",
          "value": "<p class=\"quill-source-editor\">66 °F</p>",
          "correctAnswer": false
        },
        {
          "tempId": "mc-opt-item-046424047506842014",
          "value": "<p class=\"quill-source-editor\">72 °F</p>",
          "correctAnswer": true
        },
        {
          "tempId": "mc-opt-item-1477664303202",
          "value": "<p class=\"quill-source-editor\">25 °F</p>",
          "correctAnswer": false
        }
      ]
    }
  ],
  "CorrectCannedResponse": "<p class=\"quill-source-editor\">Well Done.</p>",
  "CorrectFeedback": "<p class=\"quill-source-editor\">The rain gauge shows 4 inches of rain, the wind vane shows wind coming from the west, and the thermometer shows a temperature of 72 ºF. </p>",
  "PartiallyCannedResponse": "<p class=\"quill-source-editor\">That's not it.</p>",
  "PartiallyCorrectFeedback": "<p class=\"quill-source-editor\">Remember that the rain gauge measurement is to the nearest inch, the wind vane points in the direction the wind is coming from, and each mark on the Fahrenheit side of the thermometer shows a change of 2 degrees.</p>",
  "IncorrectCannedResponse": "<p class=\"quill-source-editor\">That's not it.</p>",
  "IncorrectFeedback": "<p class=\"quill-source-editor\">Remember that the rain gauge measurement is to the nearest inch, the wind vane points in the direction the wind is coming from, and each mark on the Fahrenheit side of the thermometer shows a change of 2 degrees.</p>",
  "FinalIncorrectCannedResponse": "<p class=\"quill-source-editor\">That’s not it.</p>",
  "FinalIncorrectFeedback": "<p class=\"quill-source-editor\">The rain gauge shows 4 inches of rain, the wind vane shows wind coming from the west, and the thermometer shows a temperature of 72 ºF. </p>",
  "CorrectVOFeedback": "",
  "PartiallyCorrectVOFeedback": "",
  "IncorrectVOFeedback": "",
  "FinalIncorrectVOFeedback": "",
  "AudioFromRCE": true,
  "qtype": "multiple",
  "AllowFullScreen": true,
  "AllowRefresh": true,
  "ShowAnswerOption": true,
  "SubmitToTeacherOption": false,
  "hasInstantFeedback": false,
  "hasCustomAttempts": true,
  "MaxAttempts": 2,
  "Stimulus": {
    "image": {
      "src": "",
      "credits": ""
    },
    "text": {
      "src": ""
    },
    "audio": {
      "src": "",
      "caption": "",
      "credit": ""
    },
    "video": {
      "src": ""
    }
  },
  "audioFile": "../../audio/manifests/config.json",
  "audioSchema": "drop_down_audio_schema.json",
  "moduleVersion": "2.6.0-gulp4test.1"
}
