{
  "type": "NGSS",
  "contentId": "",
  "playlists": [
    {
      "id": "final-incorrect-feedback",
      "trackIds": [
        "not-it"
      ]
    },
    {
      "id": "incorrect-feedback",
      "trackIds": [
        "not-it",
        "wrong"
      ]
    },
    {
      "id": "correct-feedback",
      "trackIds": [
        "correct",
        "final-wrong"
      ]
    },
    {
      "id": "correct-answer-shown",
      "trackIds": [
        "correct-shown",
        "final-wrong"
      ]
    },
    {
      "id": "intro",
      "trackIds": [
        "title",
        "stem",
        "paragraph"
      ]
    }
  ],
  "tracks": [
    {
      "id": "not-it",
      "clipBegin": "00:00:00.000",
      "clipEnd": "00:00:00.960",
      "src": "../../../captions/audio/a490c6f5809a4516b523c351a8bad729.mp3"
    },
    {
      "id": "correct",
      "clipBegin": "00:00:00.961",
      "clipEnd": "00:00:02.041",
      "src": "../../../captions/audio/a490c6f5809a4516b523c351a8bad729.mp3"
    },
    {
      "id": "correct-shown",
      "clipBegin": "00:00:02.042",
      "clipEnd": "00:00:03.554",
      "src": "../../../captions/audio/a490c6f5809a4516b523c351a8bad729.mp3"
    },
    {
      "id": "wrong",
      "clipBegin": "00:00:03.555",
      "clipEnd": "00:00:12.243",
      "src": "../../../captions/audio/a490c6f5809a4516b523c351a8bad729.mp3"
    },
    {
      "id": "final-wrong",
      "clipBegin": "00:00:12.244",
      "clipEnd": "00:00:33.580",
      "src": "../../../captions/audio/a490c6f5809a4516b523c351a8bad729.mp3"
    },
    {
      "id": "title",
      "clipBegin": "00:00:33.581",
      "clipEnd": "00:00:33.581",
      "src": "../../../captions/audio/a490c6f5809a4516b523c351a8bad729.mp3"
    },
    {
      "id": "stem",
      "clipBegin": "00:00:33.582",
      "clipEnd": "00:00:48.198",
      "src": "../../../captions/audio/a490c6f5809a4516b523c351a8bad729.mp3"
    },
    {
      "id": "paragraph",
      "clipBegin": "00:00:48.199",
      "clipEnd": "00:00:50.239",
      "src": "../../../captions/audio/a490c6f5809a4516b523c351a8bad729.mp3"
    }
  ]
}
