{"type":"ExpLib_Fill_In_The_Blank","contentId":"","playlists":[{"id":"start","trackIds":["ActivityTitle","QuestionStem","Stimulus","PreQuestion-0","PostQuestion-0"]},{"id":"tip","trackIds":["Tip"]},{"id":"pre-question-0","trackIds":["PreQuestion-0"]},{"id":"post-question-0","trackIds":["PostQuestion-0"]},{"id":"Correct","trackIds":["CorrectCannedResponse","CorrectFeedback"]},{"id":"PartiallyCorrect","trackIds":["PartiallyCannedResponse","PartiallyCorrectFeedback"]},{"id":"Incorrect","trackIds":["FinalIncorrectCannedResponse","FinalIncorrectFeedback"]},{"id":"FinalIncorrect","trackIds":["FinalIncorrectCannedResponse","FinalIncorrectFeedback"]}],"tracks":[{"id":"ActivityTitle","clipBegin":"00:00:33.581","clipEnd":"00:00:33.582","src":"../../../../captions/audio/a490c6f5809a4516b523c351a8bad729.mp3"},{"id":"QuestionStem","clipBegin":"00:00:33.582","clipEnd":"00:00:48.198","src":"../../../../captions/audio/a490c6f5809a4516b523c351a8bad729.mp3"},{"id":"Stimulus","clipBegin":"00:00:00.000","clipEnd":"00:00:00.001","src":"../../../../captions/audio/a490c6f5809a4516b523c351a8bad729.mp3"},{"id":"Tip","clipBegin":"00:00:00.000","clipEnd":"00:00:00.001","src":"../../../../captions/audio/a490c6f5809a4516b523c351a8bad729.mp3"},{"id":"PreQuestion-0","clipBegin":"00:00:48.199","clipEnd":"00:00:50.239","src":"../../../../captions/audio/a490c6f5809a4516b523c351a8bad729.mp3"},{"id":"PostQuestion-0","clipBegin":"00:00:00.000","clipEnd":"00:00:00.001","src":"../../../../captions/audio/a490c6f5809a4516b523c351a8bad729.mp3"},{"id":"CorrectCannedResponse","clipBegin":"00:00:00.961","clipEnd":"00:00:02.041","src":"../../../../captions/audio/a490c6f5809a4516b523c351a8bad729.mp3"},{"id":"CorrectFeedback","clipBegin":"00:00:12.244","clipEnd":"00:00:33.580","src":"../../../../captions/audio/a490c6f5809a4516b523c351a8bad729.mp3"},{"id":"PartiallyCannedResponse","clipBegin":"00:00:00.000","clipEnd":"00:00:00.960","src":"../../../../captions/audio/a490c6f5809a4516b523c351a8bad729.mp3"},{"id":"PartiallyCorrectFeedback","clipBegin":"00:00:03.555","clipEnd":"00:00:12.243","src":"../../../../captions/audio/a490c6f5809a4516b523c351a8bad729.mp3"},{"id":"FinalIncorrectCannedResponse","clipBegin":"00:00:00.000","clipEnd":"00:00:00.960","src":"../../../../captions/audio/a490c6f5809a4516b523c351a8bad729.mp3"},{"id":"FinalIncorrectFeedback","clipBegin":"00:00:12.244","clipEnd":"00:00:33.580","src":"../../../../captions/audio/a490c6f5809a4516b523c351a8bad729.mp3"}]}