{
  "type": "ExpLib_Fill_In_The_Blank",
  "contentId": "",
  "playlists": [
    {
      "id": "start",
      "trackIds": [
        "ActivityTitle",
        "QuestionStem",
        "Stimulus",
        "PreQuestion-0",
        "PostQuestion-0"
      ]
    },
    {
      "id": "tip",
      "trackIds": [
        "Tip"
      ]
    },
    {
      "id": "pre-question-0",
      "trackIds": [
        "PreQuestion-0"
      ]
    },
    {
      "id": "post-question-0",
      "trackIds": [
        "PostQuestion-0"
      ]
    },
    {
      "id": "Correct",
      "trackIds": [
        "CorrectCannedResponse",
        "CorrectFeedback"
      ]
    },
    {
      "id": "PartiallyCorrect",
      "trackIds": [
        "PartiallyCannedResponse",
        "PartiallyCorrectFeedback"
      ]
    },
    {
      "id": "Incorrect",
      "trackIds": [
        "FinalIncorrectCannedResponse",
        "FinalIncorrectFeedback"
      ]
    },
    {
      "id": "FinalIncorrect",
      "trackIds": [
        "FinalIncorrectCannedResponse",
        "FinalIncorrectFeedback"
      ]
    }
  ],
  "tracks": [
    {
      "id": "ActivityTitle",
      "clipBegin": "",
      "clipEnd": "",
      "src": ""
    },
    {
      "id": "QuestionStem",
      "clipBegin": "",
      "clipEnd": "",
      "src": ""
    },
    {
      "id": "Stimulus",
      "clipBegin": "00:00:00.000",
      "clipEnd": "00:00:00.001",
      "src": ""
    },
    {
      "id": "Tip",
      "clipBegin": "00:00:00.000",
      "clipEnd": "00:00:00.001",
      "src": ""
    },
    {
      "id": "PreQuestion-0",
      "clipBegin": "",
      "clipEnd": "",
      "src": ""
    },
    {
      "id": "PostQuestion-0",
      "clipBegin": "00:00:00.000",
      "clipEnd": "00:00:00.001",
      "src": ""
    },
    {
      "id": "CorrectCannedResponse",
      "clipBegin": "",
      "clipEnd": "",
      "src": ""
    },
    {
      "id": "CorrectFeedback",
      "clipBegin": "",
      "clipEnd": "",
      "src": ""
    },
    {
      "id": "PartiallyCannedResponse",
      "clipBegin": "",
      "clipEnd": "",
      "src": ""
    },
    {
      "id": "PartiallyCorrectFeedback",
      "clipBegin": "",
      "clipEnd": "",
      "src": ""
    },
    {
      "id": "FinalIncorrectCannedResponse",
      "clipBegin": "",
      "clipEnd": "",
      "src": ""
    },
    {
      "id": "FinalIncorrectFeedback",
      "clipBegin": "",
      "clipEnd": "",
      "src": ""
    }
  ]
}
