{
  "type": "NGSS",
  "contentId": "",
  "playlists": [
    {
      "id": "final-incorrect-feedback",
      "trackIds": [
        "not-it"
      ]
    },
    {
      "id": "incorrect-feedback",
      "trackIds": [
        "not-it",
        "wrong"
      ]
    },
    {
      "id": "correct-feedback",
      "trackIds": [
        "correct",
        "final-wrong"
      ]
    },
    {
      "id": "correct-answer-shown",
      "trackIds": [
        "correct-shown",
        "final-wrong"
      ]
    },
    {
      "id": "intro",
      "trackIds": [
        "title",
        "stem",
        "tableHeader",
        "column-title-0",
        "column-title-1",
        "column-title-2",
        "label-0-0",
        "label-0-1",
        "label-0-2",
        "label-1-0",
        "label-1-1",
        "label-1-2",
        "label-2-0",
        "label-2-1",
        "label-2-2",
        "label-3-0",
        "label-3-1",
        "label-3-2",
        "label-4-0",
        "label-4-1",
        "label-4-2",
        "label-5-0",
        "label-5-1",
        "label-5-2"
      ]
    }
  ],
  "tracks": [
    {
      "id": "not-it",
      "clipBegin": "00:00:00.000",
      "clipEnd": "00:00:01.280",
      "src": "../../../captions/audio/d8d6665944414cb2a4990319e28e6f04.mp3"
    },
    {
      "id": "correct",
      "clipBegin": "00:00:01.280",
      "clipEnd": "00:00:02.508",
      "src": "../../../captions/audio/d8d6665944414cb2a4990319e28e6f04.mp3"
    },
    {
      "id": "correct-shown",
      "clipBegin": "00:00:02.509",
      "clipEnd": "00:00:04.259",
      "src": "../../../captions/audio/d8d6665944414cb2a4990319e28e6f04.mp3"
    },
    {
      "id": "wrong",
      "clipBegin": "00:00:04.260",
      "clipEnd": "00:00:07.787",
      "src": "../../../captions/audio/d8d6665944414cb2a4990319e28e6f04.mp3"
    },
    {
      "id": "final-wrong",
      "clipBegin": "00:00:07.788",
      "clipEnd": "00:00:11.288",
      "src": "../../../captions/audio/d8d6665944414cb2a4990319e28e6f04.mp3"
    },
    {
      "id": "title",
      "clipBegin": "00:00:11.289",
      "clipEnd": "00:00:11.289",
      "src": "../../../captions/audio/d8d6665944414cb2a4990319e28e6f04.mp3"
    },
    {
      "id": "stem",
      "clipBegin": "00:00:11.290",
      "clipEnd": "00:00:18.239",
      "src": "../../../captions/audio/d8d6665944414cb2a4990319e28e6f04.mp3"
    },
    {
      "id": "tableHeader",
      "clipBegin": "00:00:18.240",
      "clipEnd": "00:00:18.240",
      "src": "../../../captions/audio/d8d6665944414cb2a4990319e28e6f04.mp3"
    },
    {
      "id": "column-title-0",
      "clipBegin": "00:00:18.241",
      "clipEnd": "00:00:18.999",
      "src": "../../../captions/audio/d8d6665944414cb2a4990319e28e6f04.mp3"
    },
    {
      "id": "column-title-1",
      "clipBegin": "00:00:19.000",
      "clipEnd": "00:00:19.783",
      "src": "../../../captions/audio/d8d6665944414cb2a4990319e28e6f04.mp3"
    },
    {
      "id": "column-title-2",
      "clipBegin": "00:00:19.784",
      "clipEnd": "00:00:21.143",
      "src": "../../../captions/audio/d8d6665944414cb2a4990319e28e6f04.mp3"
    },
    {
      "id": "label-0-0",
      "clipBegin": "00:00:21.144",
      "clipEnd": "00:00:22.815",
      "src": "../../../captions/audio/d8d6665944414cb2a4990319e28e6f04.mp3"
    },
    {
      "id": "label-0-1",
      "clipBegin": "00:00:22.816",
      "clipEnd": "00:00:24.227",
      "src": "../../../captions/audio/d8d6665944414cb2a4990319e28e6f04.mp3"
    },
    {
      "id": "label-0-2",
      "clipBegin": "00:00:24.228",
      "clipEnd": "00:00:25.090",
      "src": "../../../captions/audio/d8d6665944414cb2a4990319e28e6f04.mp3"
    },
    {
      "id": "label-1-0",
      "clipBegin": "00:00:25.091",
      "clipEnd": "00:00:26.763",
      "src": "../../../captions/audio/d8d6665944414cb2a4990319e28e6f04.mp3"
    },
    {
      "id": "label-1-1",
      "clipBegin": "00:00:26.764",
      "clipEnd": "00:00:27.992",
      "src": "../../../captions/audio/d8d6665944414cb2a4990319e28e6f04.mp3"
    },
    {
      "id": "label-1-2",
      "clipBegin": "00:00:27.993",
      "clipEnd": "00:00:27.993",
      "src": "../../../captions/audio/d8d6665944414cb2a4990319e28e6f04.mp3"
    },
    {
      "id": "label-2-0",
      "clipBegin": "00:00:27.994",
      "clipEnd": "00:00:29.665",
      "src": "../../../captions/audio/d8d6665944414cb2a4990319e28e6f04.mp3"
    },
    {
      "id": "label-2-1",
      "clipBegin": "00:00:29.666",
      "clipEnd": "00:00:29.666",
      "src": "../../../captions/audio/d8d6665944414cb2a4990319e28e6f04.mp3"
    },
    {
      "id": "label-2-2",
      "clipBegin": "00:00:29.667",
      "clipEnd": "00:00:29.667",
      "src": "../../../captions/audio/d8d6665944414cb2a4990319e28e6f04.mp3"
    },
    {
      "id": "label-3-0",
      "clipBegin": "00:00:29.668",
      "clipEnd": "00:00:31.340",
      "src": "../../../captions/audio/d8d6665944414cb2a4990319e28e6f04.mp3"
    },
    {
      "id": "label-3-1",
      "clipBegin": "00:00:31.341",
      "clipEnd": "00:00:31.341",
      "src": "../../../captions/audio/d8d6665944414cb2a4990319e28e6f04.mp3"
    },
    {
      "id": "label-3-2",
      "clipBegin": "00:00:31.342",
      "clipEnd": "00:00:31.342",
      "src": "../../../captions/audio/d8d6665944414cb2a4990319e28e6f04.mp3"
    },
    {
      "id": "label-4-0",
      "clipBegin": "00:00:31.343",
      "clipEnd": "00:00:33.015",
      "src": "../../../captions/audio/d8d6665944414cb2a4990319e28e6f04.mp3"
    },
    {
      "id": "label-4-1",
      "clipBegin": "00:00:33.016",
      "clipEnd": "00:00:33.016",
      "src": "../../../captions/audio/d8d6665944414cb2a4990319e28e6f04.mp3"
    },
    {
      "id": "label-4-2",
      "clipBegin": "00:00:33.017",
      "clipEnd": "00:00:33.017",
      "src": "../../../captions/audio/d8d6665944414cb2a4990319e28e6f04.mp3"
    },
    {
      "id": "label-5-0",
      "clipBegin": "00:00:33.018",
      "clipEnd": "00:00:34.690",
      "src": "../../../captions/audio/d8d6665944414cb2a4990319e28e6f04.mp3"
    },
    {
      "id": "label-5-1",
      "clipBegin": "00:00:34.691",
      "clipEnd": "00:00:34.691",
      "src": "../../../captions/audio/d8d6665944414cb2a4990319e28e6f04.mp3"
    },
    {
      "id": "label-5-2",
      "clipBegin": "00:00:34.692",
      "clipEnd": "00:00:34.692",
      "src": "../../../captions/audio/d8d6665944414cb2a4990319e28e6f04.mp3"
    }
  ]
}
