{
  "type": "ExpLib_Fill_In_The_Blank_Table",
  "contentId": "",
  "playlists": [
    {
      "id": "start",
      "trackIds": [
        "ActivityTitle",
        "QuestionStem",
        "Stimulus",
        "TableHeader"
      ]
    },
    {
      "id": "tip",
      "trackIds": [
        "Tip"
      ]
    },
    {
      "id": "headers-0",
      "trackIds": [
        "Headers-0"
      ]
    },
    {
      "id": "headers-1",
      "trackIds": [
        "Headers-1"
      ]
    },
    {
      "id": "headers-2",
      "trackIds": [
        "Headers-2"
      ]
    },
    {
      "id": "headers-3",
      "trackIds": [
        "Headers-3"
      ]
    },
    {
      "id": "headers-4",
      "trackIds": [
        "Headers-4"
      ]
    },
    {
      "id": "headers-5",
      "trackIds": [
        "Headers-5"
      ]
    },
    {
      "id": "headers-6",
      "trackIds": [
        "Headers-6"
      ]
    },
    {
      "id": "headers-7",
      "trackIds": [
        "Headers-7"
      ]
    },
    {
      "id": "headers-8",
      "trackIds": [
        "Headers-8"
      ]
    },
    {
      "id": "headers-9",
      "trackIds": [
        "Headers-9"
      ]
    },
    {
      "id": "Correct",
      "trackIds": [
        "CorrectCannedResponse",
        "CorrectFeedback"
      ]
    },
    {
      "id": "PartiallyCorrect",
      "trackIds": [
        "PartiallyCannedResponse",
        "PartiallyCorrectFeedback"
      ]
    },
    {
      "id": "Incorrect",
      "trackIds": [
        "IncorrectCannedResponse",
        "IncorrectFeedback"
      ]
    },
    {
      "id": "FinalIncorrect",
      "trackIds": [
        "FinalIncorrectCannedResponse",
        "FinalIncorrectFeedback"
      ]
    }
  ],
  "tracks": [
    {
      "id": "ActivityTitle",
      "clipBegin": "",
      "clipEnd": "",
      "src": ""
    },
    {
      "id": "QuestionStem",
      "clipBegin": "",
      "clipEnd": "",
      "src": ""
    },
    {
      "id": "Tip",
      "clipBegin": "00:00:00.000",
      "clipEnd": "00:00:00.001",
      "src": ""
    },
    {
      "id": "Stimulus",
      "clipBegin": "00:00:00.000",
      "clipEnd": "00:00:00.001",
      "src": ""
    },
    {
      "id": "TableHeader",
      "clipBegin": "",
      "clipEnd": "",
      "src": ""
    },
    {
      "id": "Headers-0",
      "clipBegin": "",
      "clipEnd": "",
      "src": ""
    },
    {
      "id": "Headers-1",
      "clipBegin": "",
      "clipEnd": "",
      "src": ""
    },
    {
      "id": "Headers-2",
      "clipBegin": "",
      "clipEnd": "",
      "src": ""
    },
    {
      "id": "Headers-3",
      "clipBegin": "",
      "clipEnd": "",
      "src": ""
    },
    {
      "id": "Headers-4",
      "clipBegin": "",
      "clipEnd": "",
      "src": ""
    },
    {
      "id": "Headers-5",
      "clipBegin": "",
      "clipEnd": "",
      "src": ""
    },
    {
      "id": "Headers-6",
      "clipBegin": "",
      "clipEnd": "",
      "src": ""
    },
    {
      "id": "Headers-7",
      "clipBegin": "",
      "clipEnd": "",
      "src": ""
    },
    {
      "id": "Headers-8",
      "clipBegin": "",
      "clipEnd": "",
      "src": ""
    },
    {
      "id": "Headers-9",
      "clipBegin": "",
      "clipEnd": "",
      "src": ""
    },
    {
      "id": "CorrectCannedResponse",
      "clipBegin": "",
      "clipEnd": "",
      "src": ""
    },
    {
      "id": "CorrectFeedback",
      "clipBegin": "",
      "clipEnd": "",
      "src": ""
    },
    {
      "id": "PartiallyCannedResponse",
      "clipBegin": "",
      "clipEnd": "",
      "src": ""
    },
    {
      "id": "PartiallyCorrectFeedback",
      "clipBegin": "",
      "clipEnd": "",
      "src": ""
    },
    {
      "id": "IncorrectCannedResponse",
      "clipBegin": "",
      "clipEnd": "",
      "src": ""
    },
    {
      "id": "IncorrectFeedback",
      "clipBegin": "",
      "clipEnd": "",
      "src": ""
    },
    {
      "id": "FinalIncorrectCannedResponse",
      "clipBegin": "",
      "clipEnd": "",
      "src": ""
    },
    {
      "id": "FinalIncorrectFeedback",
      "clipBegin": "",
      "clipEnd": "",
      "src": ""
    }
  ]
}
