{
  "type": "ExpLib_Fill_In_The_Blank_Table",
  "contentId": "",
  "playlists": [
    {
      "id": "start",
      "trackIds": [
        "ActivityTitle",
        "QuestionStem",
        "Stimulus",
        "TableHeader"
      ]
    },
    {
      "id": "tip",
      "trackIds": [
        "Tip"
      ]
    },
    {
      "id": "headers-0",
      "trackIds": [
        "Headers-0"
      ]
    },
    {
      "id": "headers-1",
      "trackIds": [
        "Headers-1"
      ]
    },
    {
      "id": "headers-2",
      "trackIds": [
        "Headers-2"
      ]
    },
    {
      "id": "Correct",
      "trackIds": [
        "CorrectCannedResponse",
        "CorrectFeedback"
      ]
    },
    {
      "id": "PartiallyCorrect",
      "trackIds": [
        "PartiallyCannedResponse",
        "PartiallyCorrectFeedback"
      ]
    },
    {
      "id": "Incorrect",
      "trackIds": [
        "IncorrectCannedResponse",
        "IncorrectFeedback"
      ]
    },
    {
      "id": "FinalIncorrect",
      "trackIds": [
        "FinalIncorrectCannedResponse",
        "FinalIncorrectFeedback"
      ]
    }
  ],
  "tracks": [
    {
      "id": "ActivityTitle",
      "clipBegin": "00:00:11.289",
      "clipEnd": "00:00:11.290",
      "src": "../../../../captions/audio/d8d6665944414cb2a4990319e28e6f04.mp3"
    },
    {
      "id": "QuestionStem",
      "clipBegin": "00:00:11.290",
      "clipEnd": "00:00:18.239",
      "src": "../../../../captions/audio/d8d6665944414cb2a4990319e28e6f04.mp3"
    },
    {
      "id": "Tip",
      "clipBegin": "00:00:00.000",
      "clipEnd": "00:00:00.001",
      "src": "../../../../captions/audio/d8d6665944414cb2a4990319e28e6f04.mp3"
    },
    {
      "id": "Stimulus",
      "clipBegin": "00:00:00.000",
      "clipEnd": "00:00:00.001",
      "src": "../../../../captions/audio/d8d6665944414cb2a4990319e28e6f04.mp3"
    },
    {
      "id": "TableHeader",
      "clipBegin": "00:00:18.240",
      "clipEnd": "00:00:18.241",
      "src": "../../../../captions/audio/d8d6665944414cb2a4990319e28e6f04.mp3"
    },
    {
      "id": "Headers-0",
      "clipBegin": "00:00:18.241",
      "clipEnd": "00:00:18.999",
      "src": "../../../../captions/audio/d8d6665944414cb2a4990319e28e6f04.mp3"
    },
    {
      "id": "Headers-1",
      "clipBegin": "00:00:19.000",
      "clipEnd": "00:00:19.783",
      "src": "../../../../captions/audio/d8d6665944414cb2a4990319e28e6f04.mp3"
    },
    {
      "id": "Headers-2",
      "clipBegin": "00:00:19.784",
      "clipEnd": "00:00:21.143",
      "src": "../../../../captions/audio/d8d6665944414cb2a4990319e28e6f04.mp3"
    },
    {
      "id": "CorrectCannedResponse",
      "clipBegin": "00:00:01.280",
      "clipEnd": "00:00:02.508",
      "src": "../../../../captions/audio/d8d6665944414cb2a4990319e28e6f04.mp3"
    },
    {
      "id": "CorrectFeedback",
      "clipBegin": "00:00:07.788",
      "clipEnd": "00:00:11.288",
      "src": "../../../../captions/audio/d8d6665944414cb2a4990319e28e6f04.mp3"
    },
    {
      "id": "PartiallyCannedResponse",
      "clipBegin": "00:00:00.000",
      "clipEnd": "00:00:01.280",
      "src": "../../../../captions/audio/d8d6665944414cb2a4990319e28e6f04.mp3"
    },
    {
      "id": "PartiallyCorrectFeedback",
      "clipBegin": "00:00:04.260",
      "clipEnd": "00:00:07.787",
      "src": "../../../../captions/audio/d8d6665944414cb2a4990319e28e6f04.mp3"
    },
    {
      "id": "IncorrectCannedResponse",
      "clipBegin": "00:00:00.000",
      "clipEnd": "00:00:01.280",
      "src": "../../../../captions/audio/d8d6665944414cb2a4990319e28e6f04.mp3"
    },
    {
      "id": "IncorrectFeedback",
      "clipBegin": "00:00:04.260",
      "clipEnd": "00:00:07.787",
      "src": "../../../../captions/audio/d8d6665944414cb2a4990319e28e6f04.mp3"
    },
    {
      "id": "FinalIncorrectCannedResponse",
      "clipBegin": "00:00:00.000",
      "clipEnd": "00:00:01.280",
      "src": "../../../../captions/audio/d8d6665944414cb2a4990319e28e6f04.mp3"
    },
    {
      "id": "FinalIncorrectFeedback",
      "clipBegin": "00:00:07.788",
      "clipEnd": "00:00:11.288",
      "src": "../../../../captions/audio/d8d6665944414cb2a4990319e28e6f04.mp3"
    }
  ]
}
