{"ActivityTitle":"","QuestionStem":"<p class=\"quill-source-editor\">How was your view of each ball’s shape affected by the ball’s size? Select the best answer.</p>","VOIntro":"","Tip":"","Summary":"","options":[{"AnswerText":"<p class=\"quill-source-editor\">A.  The small golf ball looked the flattest.</p>","CannedResponse":"<p class=\"quill-source-editor\">That’s not it.</p>","value":0,"CorrectAnswer":false,"Feedback":"<p class=\"quill-source-editor\">Describe what you see as you look at each ball. As the balls get bigger, your ability to see the shape changes. Try again.</p>"},{"AnswerText":"<p class=\"quill-source-editor\">B.  The very large beach ball looked the flattest.</p>","CannedResponse":"<p class=\"quill-source-editor\">Well Done.</p>","value":1,"CorrectAnswer":true,"Feedback":"The very large beach ball looked the flattest because you could only see part of it. "},{"AnswerText":"<p class=\"quill-source-editor\">C.  The large basketball looked the roundest.</p>","CannedResponse":"<p class=\"quill-source-editor\">That’s not it.</p>","value":2,"CorrectAnswer":false,"Feedback":"<p class=\"quill-source-editor\">Read the answer choice carefully. Words such as “small” and “large” are hints to the answer. Now try again.</p>"},{"AnswerText":"<p class=\"quill-source-editor\">D.  The very large beach ball looked the roundest.</p>","CannedResponse":"<p class=\"quill-source-editor\">That’s not it.</p>","value":3,"CorrectAnswer":false,"Feedback":"<p class=\"quill-source-editor\">Look again at the beach ball and the golf ball. Notice that you can't see all the way around the beach ball, so the golf ball looks rounder. Try again.</p>"}],"FinalCannedResponse":"<p class=\"quill-source-editor\">That's not it.</p>","FinalIncorrectFeedback":"<p class=\"quill-source-editor\">The very large beach ball looked the flattest because you could only see part of it. </p>","FinalVOFeedback":"","AudioFromRCE":true,"qtype":"mcq","AllowFullScreen":true,"AllowRefresh":true,"ShowAnswerOption":true,"SubmitToTeacherOption":false,"optionsAreImages":false,"hasInstantFeedback":false,"hasCustomAttempts":true,"MaxAttempts":2,"Stimulus":{"image":{"src":"","credits":""},"text":{"src":""},"audio":{"src":"","caption":"","credit":""},"video":{"src":""}},"audioFile":"../../audio/manifests/config.json","audioSchema":"mcq_audio_schema.json"}