{
  "ActivityTitle": "",
  "QuestionStem": "",
  "VOIntro": "",
  "Tip": "",
  "Summary": "",
  "options": [
    {
      "AnswerText": "",
      "CannedResponse": "",
      "value": 0,
      "CorrectAnswer": true,
      "Feedback": ""
    },
    {
      "AnswerText": "",
      "CannedResponse": "",
      "value": 0,
      "CorrectAnswer": true,
      "Feedback": ""
    },
    {
      "AnswerText": "",
      "CannedResponse": "",
      "value": 0,
      "CorrectAnswer": true,
      "Feedback": ""
    },
    {
      "AnswerText": "",
      "CannedResponse": "",
      "value": 0,
      "CorrectAnswer": true,
      "Feedback": ""
    },
    {
      "AnswerText": "",
      "CannedResponse": "",
      "value": 0,
      "CorrectAnswer": true,
      "Feedback": ""
    },
    {
      "AnswerText": "",
      "CannedResponse": "",
      "value": 0,
      "CorrectAnswer": true,
      "Feedback": ""
    },
    {
      "AnswerText": "",
      "CannedResponse": "",
      "value": 0,
      "CorrectAnswer": true,
      "Feedback": ""
    },
    {
      "AnswerText": "",
      "CannedResponse": "",
      "value": 0,
      "CorrectAnswer": true,
      "Feedback": ""
    },
    {
      "AnswerText": "",
      "CannedResponse": "",
      "value": 0,
      "CorrectAnswer": true,
      "Feedback": ""
    },
    {
      "AnswerText": "",
      "CannedResponse": "",
      "value": 0,
      "CorrectAnswer": true,
      "Feedback": ""
    },
    {
      "AnswerText": "",
      "CannedResponse": "",
      "value": 0,
      "CorrectAnswer": true,
      "Feedback": ""
    },
    {
      "AnswerText": "",
      "CannedResponse": "",
      "value": 0,
      "CorrectAnswer": true,
      "Feedback": ""
    },
    {
      "AnswerText": "",
      "CannedResponse": "",
      "value": 0,
      "CorrectAnswer": true,
      "Feedback": ""
    },
    {
      "AnswerText": "",
      "CannedResponse": "",
      "value": 0,
      "CorrectAnswer": true,
      "Feedback": ""
    },
    {
      "AnswerText": "",
      "CannedResponse": "",
      "value": 0,
      "CorrectAnswer": true,
      "Feedback": ""
    },
    {
      "AnswerText": "",
      "CannedResponse": "",
      "value": 0,
      "CorrectAnswer": true,
      "Feedback": ""
    },
    {
      "AnswerText": "",
      "CannedResponse": "",
      "value": 0,
      "CorrectAnswer": true,
      "Feedback": ""
    },
    {
      "AnswerText": "",
      "CannedResponse": "",
      "value": 0,
      "CorrectAnswer": true,
      "Feedback": ""
    },
    {
      "AnswerText": "",
      "CannedResponse": "",
      "value": 0,
      "CorrectAnswer": true,
      "Feedback": ""
    },
    {
      "AnswerText": "",
      "CannedResponse": "",
      "value": 0,
      "CorrectAnswer": true,
      "Feedback": ""
    }
  ],
  "FinalCannedResponse": "<p class=\"quill-source-editor\">That's not it.</p>",
  "FinalIncorrectFeedback": "",
  "FinalVOFeedback": "",
  "AudioFromRCE": true,
  "qtype": "mcq",
  "AllowFullScreen": true,
  "AllowRefresh": true,
  "ShowAnswerOption": true,
  "SubmitToTeacherOption": false,
  "optionsAreImages": false,
  "hasInstantFeedback": false,
  "hasCustomAttempts": true,
  "MaxAttempts": 2,
  "Stimulus": {
    "image": {
      "src": "",
      "credits": "",
      "altText": ""
    },
    "text": {
      "src": ""
    },
    "audio": {
      "src": "",
      "caption": "",
      "credit": ""
    },
    "video": {
      "src": ""
    }
  },
  "audioFile": "../../audio/manifests/config.json",
  "audioSchema": "mcq_audio_schema.json"

}
