{
  "configuration": {
    "name": "widget_08937079749229033",
    "title": "",
    "stem": "How was your view of each ball’s shape affected by the ball’s size? Select the best answer.",
    "stemImage": "",
    "stemImageShown": false,
    "feedBack": {
      "attempts": "2",
      "firstWrongHint": "",
      "finalWrongHint": "The very large beach ball looked the flattest because you could only see part of it. "
    },
    "options": [
      {
        "image": "",
        "name": "mc-opt-item-028151441155932844",
        "text": "The small golf ball looked the flattest.",
        "value": "1",
        "isCorrect": false,
        "hint": "Describe what you see as you look at each ball. As the balls get bigger, your ability to see the shape changes. Try again."
      },
      {
        "image": "",
        "name": "mc-opt-item-06761015402153134x1",
        "text": "The very large beach ball looked the flattest.",
        "value": "2",
        "isCorrect": true,
        "hint": ""
      },
      {
        "image": "",
        "name": "_widget_-09496603417130227",
        "hint": "Read the answer choice carefully. Words such as “small” and “large” are hints to the answer. Now try again.",
        "text": "The large basketball looked the roundest.",
        "isCorrect": false,
        "value": "3"
      },
      {
        "image": "",
        "name": "_widget_-007822317969012316",
        "hint": "Look again at the beach ball and the golf ball. Notice that you can't see all the way around the beach ball, so the golf ball looks rounder. Try again.",
        "text": "The very large beach ball looked the roundest.",
        "isCorrect": false,
        "value": "4"
      }
    ],
    "voiceOver": "",
    "tipText": "",
    "downloadLink": "",
    "instantFeedback": false,
    "teacherAnswer": "",
    "inputType": "radio",
    "layout": {
      "text": "One Column",
      "value": "main"
    },
    "questionImage": ""
  }
}
