{
  "type": "ExpLib_Short_Text",
  "contentId": "",
  "playlists": [
    {
      "id": "start",
      "trackIds": [
        "ActivityTitle",
        "QuestionStem",
        "Stimulus"
      ]
    },
    {
      "id": "tip",
      "trackIds": [
        "Tip"
      ]
    },
    {
      "id": "sample-answer",
      "trackIds": [
        "SampleAnswer"
      ]
    }
  ],
  "tracks": [
    {
      "id": "ActivityTitle",
      "clipBegin": "00:00:10.556",
      "clipEnd": "00:00:10.557",
      "src": "../../../../captions/audio/d9af61ab5f1346dba7f0112924e06d13.mp3"
    },
    {
      "id": "QuestionStem",
      "clipBegin": "00:00:10.557",
      "clipEnd": "00:00:17.192",
      "src": "../../../../captions/audio/d9af61ab5f1346dba7f0112924e06d13.mp3"
    },
    {
      "id": "Tip",
      "clipBegin": "00:00:00.000",
      "clipEnd": "00:00:00.001",
      "src": "../../../../captions/audio/d9af61ab5f1346dba7f0112924e06d13.mp3"
    },
    {
      "id": "Stimulus",
      "clipBegin": "00:00:00.000",
      "clipEnd": "00:00:00.001",
      "src": "../../../../captions/audio/d9af61ab5f1346dba7f0112924e06d13.mp3"
    },
    {
      "id": "SampleAnswer",
      "clipBegin": "00:00:00.000",
      "clipEnd": "00:00:09.273",
      "src": "../../../../captions/audio/d9af61ab5f1346dba7f0112924e06d13.mp3"
    }
  ]
}
