{
  "type": "NGSS",
  "contentId": "",
  "playlists": [
    {
      "id": "possible-answer",
      "trackIds": [
        "possible-boilerplate",
        "possible-answer",
        "feedback-text"
      ]
    },
    {
      "id": "intro",
      "trackIds": [
        "title",
        "stem"
      ]
    }
  ],
  "tracks": [
    {
      "id": "feedback-text",
      "clipBegin": "00:00:00.000",
      "clipEnd": "00:00:09.273",
      "src": "../../../captions/audio/d9af61ab5f1346dba7f0112924e06d13.mp3"
    },
    {
      "id": "possible-answer",
      "clipBegin": "00:00:09.274",
      "clipEnd": "00:00:09.274",
      "src": "../../../captions/audio/d9af61ab5f1346dba7f0112924e06d13.mp3"
    },
    {
      "id": "possible-boilerplate",
      "clipBegin": "00:00:09.275",
      "clipEnd": "00:00:10.555",
      "src": "../../../captions/audio/d9af61ab5f1346dba7f0112924e06d13.mp3"
    },
    {
      "id": "title",
      "clipBegin": "00:00:10.556",
      "clipEnd": "00:00:10.556",
      "src": "../../../captions/audio/d9af61ab5f1346dba7f0112924e06d13.mp3"
    },
    {
      "id": "stem",
      "clipBegin": "00:00:10.557",
      "clipEnd": "00:00:17.192",
      "src": "../../../captions/audio/d9af61ab5f1346dba7f0112924e06d13.mp3"
    }
  ]
}
