{
  "configuration": {
    "name": "widget_08352458258657429",
    "title": "",
    "stem": "Study the graph. What patterns do you see? Choose all the answers that apply.",
    "stemImage": "",
    "stemImageShown": false,
    "feedBack": {
      "attempts": "2",
      "firstWrongHint": "Review the graph again. Keep trying. ",
      "finalWrongHint": "The sun is low in the sky in the mornings and late afternoons; its angle is about 25&deg;. The sun is highest in the sky around noon; its angle is about 70&deg;.",
      "correctHint": ""
    },
    "options": [
      {
        "image": "",
        "name": "mc-opt-item-028151441155932844",
        "text": "In the early morning, the sun is low in the sky",
        "value": "1",
        "isCorrect": true,
        "hint": ""
      },
      {
        "image": "",
        "name": "mc-opt-item-06761015402153134x1",
        "text": "In the early evening, the sun is high in the sky.",
        "value": "2",
        "isCorrect": false,
        "hint": ""
      },
      {
        "image": "",
        "name": "_widget_-07892382964385496",
        "hint": "",
        "text": "In the early evening, the sun is low in the sky.",
        "isCorrect": true,
        "value": "3"
      },
      {
        "image": "",
        "name": "_widget_-05095940440071742",
        "hint": "",
        "text": "In the middle of the day, the sun is high in the sky. ",
        "isCorrect": true,
        "value": "4"
      },
      {
        "image": "",
        "name": "_widget_-04307020475173997",
        "hint": "",
        "text": "The sun is high in the sky all day long. ",
        "isCorrect": false,
        "value": "5"
      }
    ],
    "voiceOver": "",
    "tipText": "",
    "downloadLink": "",
    "instantFeedback": false,
    "teacherAnswer": "",
    "inputType": "checkbox",
    "layout": {
      "text": "One Column",
      "value": "main"
    },
    "questionImage": ""
  }
}
