{"ActivityTitle":"","QuestionStem":"<p class=\"quill-source-editor\">Study the graph. What patterns do you see? Choose all the answers that apply.</p>","VOIntro":"","Tip":"","Summary":"","options":[{"AnswerText":"<p class=\"quill-source-editor\">A.  In the early morning, the sun is low in the sky</p>","value":0,"CorrectAnswer":true},{"AnswerText":"<p class=\"quill-source-editor\">B.  In the early evening, the sun is high in the sky.</p>","value":1,"CorrectAnswer":false},{"AnswerText":"<p class=\"quill-source-editor\">C.  In the early evening, the sun is low in the sky.</p>","value":2,"CorrectAnswer":true},{"AnswerText":"<p class=\"quill-source-editor\">D.  In the middle of the day, the sun is high in the sky. </p>","value":3,"CorrectAnswer":true},{"AnswerText":"<p class=\"quill-source-editor\">E.  The sun is high in the sky all day long. </p>","value":4,"CorrectAnswer":false}],"CorrectCannedResponse":"<p class=\"quill-source-editor\">Well Done.</p>","CorrectFeedback":"<p class=\"quill-source-editor\">The sun is low in the sky in the mornings and late afternoons; its angle is about 25&deg;. The sun is highest in the sky around noon; its angle is about 70&deg;.</p>","PartiallyCannedResponse":"<p class=\"quill-source-editor\">That's not it.</p>","PartiallyCorrectFeedback":"<p class=\"quill-source-editor\">Review the graph again. Keep trying. </p>","IncorrectCannedResponse":"<p class=\"quill-source-editor\">That's not it.</p>","IncorrectFeedback":"<p class=\"quill-source-editor\">Review the graph again. Keep trying. </p>","FinalIncorrectCannedResponse":"<p class=\"quill-source-editor\">That’s not it.</p>","FinalIncorrectFeedback":"<p class=\"quill-source-editor\">The sun is low in the sky in the mornings and late afternoons; its angle is about 25&deg;. The sun is highest in the sky around noon; its angle is about 70&deg;.</p>","CorrectVOFeedback":"","PartiallyCorrectVOFeedback":"","IncorrectVOFeedback":"","FinalIncorrectVOFeedback":"","AudioFromRCE":true,"qtype":"mrq","AllowFullScreen":true,"AllowRefresh":true,"ShowAnswerOption":true,"SubmitToTeacherOption":false,"optionsAreImages":false,"hasInstantFeedback":false,"hasCustomAttempts":false,"MaxAttempts":2,"Stimulus":{"text":{"src":""},"image":{"src":"","credits":""},"audio":{"src":"","caption":"","credit":""},"video":{"src":""}},"audioFile":"../../audio/manifests/config.json","audioSchema":"mrq_audio_schema.json"}