{
  "configuration": {
    "name": "widget_06463967681218499",
    "title": "Can You Solve It?",
    "stem": "People play ball at a ballpark.",
    "stemImage": "",
    "stemImageShown": false,
    "feedBack": {
      "attempts": "2",
      "firstWrongHint": "",
      "finalWrongHint": "",
      "correctHint": ""
    },
    "options": [
      {
        "image": "../../../../../img/cards/k_ccaese963819__356p.jpg",
        "id": "hotspot02824587451759726c",
        "label": "A",
        "top": 60,
        "left": 22.615384615384617,
        "disabled": false,
        "active": false,
        "status": "inactive",
        "order": 1,
        "sequenceOrder": 1,
        "display": false,
        "width": 42,
        "title": "",
        "direction": "DOWN",
        "detailLayout": "I",
        "description": "",
        "value": 1,
        "isCorrect": false,
        "hint": "",
        "voiceOver": "This is the concession stand where people buy food while they watch the game. A lot of people are usually in this area.\n",
        "imageAlt": "This photo shows a concession stand at a baseball stadium."
      },
      {
        "image": "../../../../../img/cards/k_ccaese963819_252p.jpg",
        "id": "hotspot028245874517597262b",
        "label": "B",
        "top": 41.690140845070424,
        "left": 33.23076923076923,
        "disabled": false,
        "active": false,
        "status": "inactive",
        "order": 2,
        "sequenceOrder": 2,
        "display": false,
        "width": 42,
        "title": "",
        "direction": "RIGHT",
        "detailLayout": "I",
        "description": "",
        "value": 2,
        "isCorrect": false,
        "hint": "",
        "voiceOver": "This is the pitcher's mound in the middle of the baseball field.\n",
        "imageAlt": "This photo shows a baseball pitcher throwing a pitch."
      },
      {
        "image": "../../../../../img/cards/k_ccaese963819_241p.jpg",
        "id": "hotspot0783942781517249",
        "label": "C",
        "left": 36.30769230769231,
        "top": 0,
        "disabled": false,
        "active": false,
        "status": "active",
        "order": 3,
        "detailLayout": "TI",
        "direction": "RIGHT",
        "title": "",
        "description": "",
        "sequenceOrder": 3,
        "value": 3,
        "voiceOver": "These are the stands where the people sit to watch the game. Sometimes people that watch sporting events are called fans. Some baseball games start during the daytime and last until it gets dark.",
        "imageAlt": "This photo shows sports fans cheering and holding a sign that reads, “Go Team.”"
      },
      {
        "image": "../../../../../img/cards/k_ccaese963819__355p.jpg",
        "id": "hotspot0550808714494563",
        "label": "D",
        "left": 85.53846153846153,
        "top": 72.67605633802818,
        "disabled": false,
        "active": false,
        "status": "active",
        "order": 4,
        "detailLayout": "TI",
        "direction": "DOWN",
        "title": "",
        "description": "",
        "sequenceOrder": 4,
        "value": 4,
        "voiceOver": "This is the parking lot. They need a lot of parking spaces for a ballpark. People that are playing need to park. The people that come to watch the game will also need a place to park. ",
        "imageAlt": "This photo shows a parking lot surrounding a baseball stadium."
      }
    ],
    "voiceOver": "People play baseball at a ballpark. Have you been to a ballpark before? Choose the letters to explore the baseball park.\n",
    "tipText": "",
    "downloadLink": "",
    "instantFeedback": false,
    "teacherAnswer": "",
    "image": "../../../../../img/cards/k_ccaese895066_55a.jpg",
    "layout": "row feature",
    "hotspotType": "PL",
    "inputType": "noseq",
    "hotSpotMessageDisplay": "popup",
    "questionImage": "",
    "imageAlt": "This image shows a baseball stadium with players on the field."
  }
}
