{"ActivityTitle":"<p class=\"quill-source-editor\">Can You Solve It?</p>","QuestionStem":"<p class=\"quill-source-editor\">People play ball at a ballpark.</p>","VOIntro":"People play baseball at a ballpark. Have you been to a ballpark before? Choose the letters to explore the baseball park.\n","Tip":"","Summary":"","content":{"spots":[{"left":22.615384615384617,"top":60,"direction":"pin-bottom","vo":"This is the concession stand where people buy food while they watch the game. A lot of people are usually in this area.\n"},{"left":33.23076923076923,"top":41.690140845070424,"direction":"pin-right","vo":"This is the pitcher's mound in the middle of the baseball field.\n"},{"left":36.30769230769231,"top":0,"direction":"pin-right","vo":"These are the stands where the people sit to watch the game. Sometimes people that watch sporting events are called fans. Some baseball games start during the daytime and last until it gets dark."},{"left":85.53846153846153,"top":72.67605633802818,"direction":"pin-bottom","vo":"This is the parking lot. They need a lot of parking spaces for a ballpark. People that are playing need to park. The people that come to watch the game will also need a place to park. "}],"spotVoiceovers":["","","",""],"interactionType":"panel","image":"../../../../../img/cards/k_ccaese895066_55a.jpg","imageAlt":"This image shows a baseball stadium with players on the field.","imageCaption":"","imageCredits":"","panels":[{"title":"","description":"","image":"../../../../../img/cards/k_ccaese963819__356p.jpg","imageAlt":"This photo shows a concession stand at a baseball stadium.","imageCaption":""},{"title":"","description":"","image":"../../../../../img/cards/k_ccaese963819_252p.jpg","imageAlt":"This photo shows a baseball pitcher throwing a pitch.","imageCaption":""},{"title":"","description":"","image":"../../../../../img/cards/k_ccaese963819_241p.jpg","imageAlt":"This photo shows sports fans cheering and holding a sign that reads, “Go Team.”","imageCaption":""},{"title":"","description":"","image":"../../../../../img/cards/k_ccaese963819__355p.jpg","imageAlt":"This photo shows a parking lot surrounding a baseball stadium.","imageCaption":""}],"spotLabel":"Letter","sequenced":false},"isPracticeInteraction":false,"AllowFullScreen":true,"AudioFromRCE":true,"AllowRefresh":true,"audioFile":"../../audio/manifests/config.json","audioSchema":"hot_spot_audio_schema.json"}