{
  "type": "NGSS",
  "contentId": "",
  "playlists": [
    {
      "id": "final-incorrect-feedback",
      "trackIds": [
        "not-it"
      ]
    },
    {
      "id": "incorrect-feedback",
      "trackIds": [
        "not-it",
        "wrong"
      ]
    },
    {
      "id": "correct-feedback",
      "trackIds": [
        "correct",
        "final-wrong"
      ]
    },
    {
      "id": "correct-answer-shown",
      "trackIds": [
        "correct-shown",
        "final-wrong"
      ]
    },
    {
      "id": "intro",
      "trackIds": [
        "title",
        "stem",
        "paragraph"
      ]
    },
    {
      "id": "hint-0-0",
      "trackIds": [
        "not-it",
        "hint-0-0"
      ]
    },
    {
      "id": "hint-0-1",
      "trackIds": [
        "not-it",
        "hint-0-1"
      ]
    },
    {
      "id": "hint-0-2",
      "trackIds": [
        "not-it",
        "hint-0-2"
      ]
    }
  ],
  "tracks": [
    {
      "id": "not-it",
      "clipBegin": "00:00:00.000",
      "clipEnd": "00:00:01.018",
      "src": "../../../captions/audio/28192cdb3003464d95ab233e22c76e50.mp3"
    },
    {
      "id": "correct",
      "clipBegin": "00:00:01.019",
      "clipEnd": "00:00:01.907",
      "src": "../../../captions/audio/28192cdb3003464d95ab233e22c76e50.mp3"
    },
    {
      "id": "correct-shown",
      "clipBegin": "00:00:01.908",
      "clipEnd": "00:00:03.293",
      "src": "../../../captions/audio/28192cdb3003464d95ab233e22c76e50.mp3"
    },
    {
      "id": "wrong",
      "clipBegin": "00:00:03.294",
      "clipEnd": "00:00:06.794",
      "src": "../../../captions/audio/28192cdb3003464d95ab233e22c76e50.mp3"
    },
    {
      "id": "final-wrong",
      "clipBegin": "00:00:06.795",
      "clipEnd": "00:00:14.632",
      "src": "../../../captions/audio/28192cdb3003464d95ab233e22c76e50.mp3"
    },
    {
      "id": "title",
      "clipBegin": "00:00:14.633",
      "clipEnd": "00:00:14.633",
      "src": "../../../captions/audio/28192cdb3003464d95ab233e22c76e50.mp3"
    },
    {
      "id": "stem",
      "clipBegin": "00:00:14.634",
      "clipEnd": "00:00:18.657",
      "src": "../../../captions/audio/28192cdb3003464d95ab233e22c76e50.mp3"
    },
    {
      "id": "paragraph",
      "clipBegin": "00:00:18.658",
      "clipEnd": "00:00:35.794",
      "src": "../../../captions/audio/28192cdb3003464d95ab233e22c76e50.mp3"
    },
    {
      "id": "hint-0-0",
      "clipBegin": "00:00:35.795",
      "clipEnd": "00:00:35.795",
      "src": "../../../captions/audio/28192cdb3003464d95ab233e22c76e50.mp3"
    },
    {
      "id": "hint-0-1",
      "clipBegin": "00:00:35.795",
      "clipEnd": "00:00:35.795",
      "src": "../../../captions/audio/28192cdb3003464d95ab233e22c76e50.mp3"
    },
    {
      "id": "hint-0-2",
      "clipBegin": "00:00:35.795",
      "clipEnd": "00:00:35.795",
      "src": "../../../captions/audio/28192cdb3003464d95ab233e22c76e50.mp3"
    }
    
  ]
}