
{
 "type": "ExpLib_Drop_Down",
 "contentId": "",
 "playlists": [
   {
     "id": "start",
     "trackIds": [
       "ActivityTitle",
       "QuestionStem",
       "Stimulus",
       "PreQuestion-0",
       "PreQuestion-1",
       "PreQuestion-2",
       "PreQuestion-3",
       "PreQuestion-4",
       "PreQuestion-5",
       "PreQuestion-6",
       "PreQuestion-7",
       "PreQuestion-8",
       "PreQuestion-9",
       "PostQuestion-0",
       "PostQuestion-1",
       "PostQuestion-2",
       "PostQuestion-3",
       "PostQuestion-4",
       "PostQuestion-5",
       "PostQuestion-6",
       "PostQuestion-7",
       "PostQuestion-8",
       "PostQuestion-9"
     ]
   },
   {
     "id": "tip",
     "trackIds": [
       "Tip"
     ]
   },
   {
     "id": "pre-question-0",
     "trackIds": [
       "PreQuestion-0"
     ]
   },
   {
     "id": "pre-question-1",
     "trackIds": [
       "PreQuestion-1"
     ]
   },
   {
     "id": "pre-question-2",
     "trackIds": [
       "PreQuestion-2"
     ]
   },
   {
     "id": "pre-question-3",
     "trackIds": [
       "PreQuestion-3"
     ]
   },
   {
     "id": "pre-question-4",
     "trackIds": [
       "PreQuestion-4"
     ]
   },
   {
     "id": "pre-question-5",
     "trackIds": [
       "PreQuestion-5"
     ]
   },
   {
     "id": "pre-question-6",
     "trackIds": [
       "PreQuestion-6"
     ]
   },
   {
     "id": "pre-question-7",
     "trackIds": [
       "PreQuestion-7"
     ]
   },
   {
     "id": "pre-question-8",
     "trackIds": [
       "PreQuestion-8"
     ]
   },
   {
     "id": "pre-question-9",
     "trackIds": [
       "PreQuestion-9"
     ]
   },
   {
     "id": "post-question-0",
     "trackIds": [
       "PostQuestion-0"
     ]
   },
   {
     "id": "post-question-1",
     "trackIds": [
       "PostQuestion-1"
     ]
   },
   {
     "id": "post-question-2",
     "trackIds": [
       "PostQuestion-2"
     ]
   },
   {
     "id": "post-question-3",
     "trackIds": [
       "PostQuestion-3"
     ]
   },
   {
     "id": "post-question-4",
     "trackIds": [
       "PostQuestion-4"
     ]
   },
   {
     "id": "post-question-5",
     "trackIds": [
       "PostQuestion-5"
     ]
   },
   {
     "id": "post-question-6",
     "trackIds": [
       "PostQuestion-6"
     ]
   },
   {
     "id": "post-question-7",
     "trackIds": [
       "PostQuestion-7"
     ]
   },
   {
     "id": "post-question-8",
     "trackIds": [
       "PostQuestion-8"
     ]
   },
   {
     "id": "post-question-9",
     "trackIds": [
       "PostQuestion-9"
     ]
   },
   {
     "id": "Correct",
     "trackIds": [
       "CorrectCannedResponse",
       "CorrectFeedback"
     ]
   },
   {
     "id": "PartiallyCorrect",
     "trackIds": [
       "PartiallyCannedResponse",
       "PartiallyCorrectFeedback"
     ]
   },
   {
     "id": "Incorrect",
     "trackIds": [
       "IncorrectCannedResponse",
       "IncorrectFeedback"
     ]
   },
   {
     "id": "FinalIncorrect",
     "trackIds": [
       "FinalIncorrectCannedResponse",
       "FinalIncorrectFeedback"
     ]
   }
 ],
 "tracks": [
   {
     "id": "ActivityTitle",
      "clipBegin": "00:00:00.000",
     "clipEnd": "00:00:00.001",
     "src": ""
   },
   {
     "id": "QuestionStem",
      "clipBegin": "00:00:00.000",
     "clipEnd": "00:00:00.001",
     "src": ""
   },
   {
     "id": "Tip",
     "clipBegin": "00:00:00.000",
     "clipEnd": "00:00:00.001",
     "src": ""
   },
   {
     "id": "Stimulus",
     "clipBegin": "00:00:00.000",
     "clipEnd": "00:00:00.001",
     "src": ""
   },
   {
     "id": "PreQuestion-0",
     "clipBegin": "00:00:00.000",
     "clipEnd": "00:00:00.001",
     "src": ""
   },
   {
     "id": "PreQuestion-1",
     "clipBegin": "00:00:00.000",
     "clipEnd": "00:00:00.001",
     "src": ""
   },
   {
     "id": "PreQuestion-2",
     "clipBegin": "00:00:00.000",
     "clipEnd": "00:00:00.001",
     "src": ""
   },
   {
     "id": "PreQuestion-3",
     "clipBegin": "00:00:00.000",
     "clipEnd": "00:00:00.001",
     "src": ""
   },
   {
     "id": "PreQuestion-4",
     "clipBegin": "00:00:00.000",
     "clipEnd": "00:00:00.001",
     "src": ""
   },
   {
     "id": "PreQuestion-5",
     "clipBegin": "00:00:00.000",
     "clipEnd": "00:00:00.001",
     "src": ""
   },
   {
     "id": "PreQuestion-6",
     "clipBegin": "00:00:00.000",
     "clipEnd": "00:00:00.001",
     "src": ""
   },
   {
     "id": "PreQuestion-7",
     "clipBegin": "00:00:00.000",
     "clipEnd": "00:00:00.001",
     "src": ""
   },
   {
     "id": "PreQuestion-8",
     "clipBegin": "00:00:00.000",
     "clipEnd": "00:00:00.001",
     "src": ""
   },
   {
     "id": "PreQuestion-9",
     "clipBegin": "00:00:00.000",
     "clipEnd": "00:00:00.001",
     "src": ""
   },
   {
     "id": "PostQuestion-0",
     "clipBegin": "00:00:00.000",
     "clipEnd": "00:00:00.001",
     "src": ""
   },
   {
     "id": "PostQuestion-1",
     "clipBegin": "00:00:00.000",
     "clipEnd": "00:00:00.001",
     "src": ""
   },
   {
     "id": "PostQuestion-2",
     "clipBegin": "00:00:00.000",
     "clipEnd": "00:00:00.001",
     "src": ""
   },
   {
     "id": "PostQuestion-3",
     "clipBegin": "00:00:00.000",
     "clipEnd": "00:00:00.001",
     "src": ""
   },
   {
     "id": "PostQuestion-4",
     "clipBegin": "00:00:00.000",
     "clipEnd": "00:00:00.001",
     "src": ""
   },
   {
     "id": "PostQuestion-5",
     "clipBegin": "00:00:00.000",
     "clipEnd": "00:00:00.001",
     "src": ""
   },
   {
     "id": "PostQuestion-6",
     "clipBegin": "00:00:00.000",
     "clipEnd": "00:00:00.001",
     "src": ""
   },
   {
     "id": "PostQuestion-7",
     "clipBegin": "00:00:00.000",
     "clipEnd": "00:00:00.001",
     "src": ""
   },
   {
     "id": "PostQuestion-8",
     "clipBegin": "00:00:00.000",
     "clipEnd": "00:00:00.001",
     "src": ""
   },
   {
     "id": "PostQuestion-9",
     "clipBegin": "00:00:00.000",
     "clipEnd": "00:00:00.001",
     "src": ""
   },
   
   {
     "id": "CorrectCannedResponse",
      "clipBegin": "00:00:00.000",
     "clipEnd": "00:00:00.001",
     "src": ""
   },
   {
     "id": "CorrectFeedback",
      "clipBegin": "00:00:00.000",
     "clipEnd": "00:00:00.001",
     "src": ""
   },
   {
     "id": "PartiallyCannedResponse",
      "clipBegin": "00:00:00.000",
     "clipEnd": "00:00:00.001",
     "src": ""
   },
   {
     "id": "PartiallyCorrectFeedback",
      "clipBegin": "00:00:00.000",
     "clipEnd": "00:00:00.001",
     "src": ""
   },
   {
     "id": "IncorrectCannedResponse",
      "clipBegin": "00:00:00.000",
     "clipEnd": "00:00:00.001",
     "src": ""
   },
   {
     "id": "IncorrectFeedback",
      "clipBegin": "00:00:00.000",
     "clipEnd": "00:00:00.001",
     "src": ""
   },
   {
     "id": "FinalIncorrectCannedResponse",
      "clipBegin": "00:00:00.000",
     "clipEnd": "00:00:00.001",
     "src": ""
   },
   {
     "id": "FinalIncorrectFeedback",
      "clipBegin": "00:00:00.000",
     "clipEnd": "00:00:00.001",
     "src": ""
   }
 ]
}
