{"type":"ExpLib_Drop_Down","contentId":"","playlists":[{"id":"start","trackIds":["ActivityTitle","QuestionStem","Stimulus","PreQuestion-0","PostQuestion-0"]},{"id":"tip","trackIds":["Tip"]},{"id":"pre-question-0","trackIds":["PreQuestion-0"]},{"id":"post-question-0","trackIds":["PostQuestion-0"]},{"id":"Correct","trackIds":["CorrectCannedResponse","CorrectFeedback"]},{"id":"PartiallyCorrect","trackIds":["PartiallyCannedResponse","PartiallyCorrectFeedback"]},{"id":"Incorrect","trackIds":["IncorrectCannedResponse","IncorrectFeedback"]},{"id":"FinalIncorrect","trackIds":["FinalIncorrectCannedResponse","FinalIncorrectFeedback"]}],"tracks":[{"id":"ActivityTitle","clipBegin":"00:00:14.633","clipEnd":"00:00:14.634","src":"../../../../captions/audio/28192cdb3003464d95ab233e22c76e50.mp3"},{"id":"QuestionStem","clipBegin":"00:00:14.634","clipEnd":"00:00:18.657","src":"../../../../captions/audio/28192cdb3003464d95ab233e22c76e50.mp3"},{"id":"Tip","clipBegin":"00:00:00.000","clipEnd":"00:00:00.001","src":"../../../../captions/audio/28192cdb3003464d95ab233e22c76e50.mp3"},{"id":"Stimulus","clipBegin":"00:00:00.000","clipEnd":"00:00:00.001","src":"../../../../captions/audio/28192cdb3003464d95ab233e22c76e50.mp3"},{"id":"PreQuestion-0","clipBegin":"00:00:18.658","clipEnd":"00:00:35.794","src":"../../../../captions/audio/28192cdb3003464d95ab233e22c76e50.mp3"},{"id":"PostQuestion-0","clipBegin":"00:00:00.000","clipEnd":"00:00:00.001","src":"../../../../captions/audio/28192cdb3003464d95ab233e22c76e50.mp3"},{"id":"CorrectCannedResponse","clipBegin":"00:00:01.019","clipEnd":"00:00:01.907","src":"../../../../captions/audio/28192cdb3003464d95ab233e22c76e50.mp3"},{"id":"CorrectFeedback","clipBegin":"00:00:06.795","clipEnd":"00:00:14.632","src":"../../../../captions/audio/28192cdb3003464d95ab233e22c76e50.mp3"},{"id":"PartiallyCannedResponse","clipBegin":"00:00:00.000","clipEnd":"00:00:01.018","src":"../../../../captions/audio/28192cdb3003464d95ab233e22c76e50.mp3"},{"id":"PartiallyCorrectFeedback","clipBegin":"00:00:03.294","clipEnd":"00:00:06.794","src":"../../../../captions/audio/28192cdb3003464d95ab233e22c76e50.mp3"},{"id":"IncorrectCannedResponse","clipBegin":"00:00:00.000","clipEnd":"00:00:01.018","src":"../../../../captions/audio/28192cdb3003464d95ab233e22c76e50.mp3"},{"id":"IncorrectFeedback","clipBegin":"00:00:03.294","clipEnd":"00:00:06.794","src":"../../../../captions/audio/28192cdb3003464d95ab233e22c76e50.mp3"},{"id":"FinalIncorrectCannedResponse","clipBegin":"00:00:00.000","clipEnd":"00:00:01.018","src":"../../../../captions/audio/28192cdb3003464d95ab233e22c76e50.mp3"},{"id":"FinalIncorrectFeedback","clipBegin":"00:00:06.795","clipEnd":"00:00:14.632","src":"../../../../captions/audio/28192cdb3003464d95ab233e22c76e50.mp3"},{"id":"QuestionOption-0-0","clipBegin":"00:00:35.795","clipEnd":"00:00:35.796","src":"../../../../captions/audio/28192cdb3003464d95ab233e22c76e50.mp3"},{"id":"QuestionOption-0-1","clipBegin":"00:00:35.795","clipEnd":"00:00:35.796","src":"../../../../captions/audio/28192cdb3003464d95ab233e22c76e50.mp3"},{"id":"QuestionOption-0-2","clipBegin":"00:00:35.795","clipEnd":"00:00:35.796","src":"../../../../captions/audio/28192cdb3003464d95ab233e22c76e50.mp3"}]}