{
  "ActivityTitle": "",
  "QuestionStem": "<p class=\"quill-source-editor\"><strong>MODEL</strong>&nbsp;Draw a model that shows how scientists can use layers of rock to determine when the Great Oxidation Event occurred. Use your Evidence Notebook if necessary.</p>",
  "VOIntro": "",
  "Tip": "",
  "Summary": "",
  "backgroundImage": "",
  "AudioFromRCE": true,
  "AllowFullScreen": true,
  "AllowRefresh": true,
  "isPracticeInteraction": false,
  "audioFile": "../../audio/manifests/config.json",
  "audioSchema": "drawing_tool_audio_schema.json",
  "SummaryAltText": ""
}
