{
  "configuration": {
    "name": "widget_008477580093307902",
    "title": "",
    "stem": "<strong>MODEL</strong>&nbsp;Draw a model that shows how scientists can use layers of rock to determine when the Great Oxidation Event occurred. Use your Evidence Notebook if necessary.",
    "stemImage": "",
    "stemImageShown": false,
    "feedBack": {
      "attempts": "2",
      "firstWrongHint": "",
      "finalWrongHint": "",
      "correctHint": ""
    },
    "options": [],
    "voiceOver": "",
    "tipText": "",
    "downloadLink": "",
    "instantFeedback": false,
    "teacherAnswer": "Drawings will vary. Student models should show rock layers. The rock layers should include layers of banded iron. Drawings should indicate that older rocks are at the bottom and newer rocks are at the top. By dating different layers of rock, scientists can determine when the Great Oxidation Event occurred based on the location of banded iron in the rock strata.",
    "removeStemImage": true,
    "questionImage": ""
  }
}
