{
  "type": "NGSS",
  "contentId": "",
  "playlists": [
    {
      "id": "intro",
      "trackIds": [
        "title",
        "stem"
      ]
    },
    {
      "id": "0",
      "trackIds": [
        "text-0"
      ]
    },
    {
      "id": "1",
      "trackIds": [
        "text-1"
      ]
    }
  ],
  "tracks": [
    {
      "id": "title",
      "clipBegin": "00:00:00.000",
      "clipEnd": "00:00:00.000",
      "src": "../../../captions/audio/0acddd6f09a544b08dfb72162feff839.mp3"
    },
    {
      "id": "stem",
      "clipBegin": "00:00:00.001",
      "clipEnd": "00:00:06.296",
      "src": "../../../captions/audio/0acddd6f09a544b08dfb72162feff839.mp3"
    },
    {
      "id": "text-0",
      "clipBegin": "00:00:06.297",
      "clipEnd": "00:00:19.384",
      "src": "../../../captions/audio/0acddd6f09a544b08dfb72162feff839.mp3"
    },
    {
      "id": "text-1",
      "clipBegin": "00:00:19.385",
      "clipEnd": "00:00:20.509",
      "src": "../../../captions/audio/0acddd6f09a544b08dfb72162feff839.mp3"
    }
  ]
}
