{
  "type": "ExpLib_Reveal",
  "contentId": "",
  "playlists": [
    {
      "id": "start",
      "trackIds": [
        "ActivityTitle",
        "QuestionStem",
        "Stimulus",
        "Options-0",
        "Options-1"
      ]
    },
    {
      "id": "tip",
      "trackIds": [
        "Tip"
      ]
    },
    {
      "id": "option-0",
      "trackIds": [
        "Options-0"
      ]
    },
    {
      "id": "option-1",
      "trackIds": [
        "Options-1"
      ]
    }
  ],
  "tracks": [
    {
      "id": "ActivityTitle",
      "clipBegin": "00:00:00.000",
      "clipEnd": "00:00:00.1",
      "src": "../../../../captions/audio/0acddd6f09a544b08dfb72162feff839.mp3"
    },
    {
      "id": "QuestionStem",
      "clipBegin": "00:00:00.001",
      "clipEnd": "00:00:06.296",
      "src": "../../../../captions/audio/0acddd6f09a544b08dfb72162feff839.mp3"
    },
    {
      "id": "Stimulus",
      "clipBegin": "00:00:00.000",
      "clipEnd": "00:00:00.001",
      "src": "../../../../captions/audio/0acddd6f09a544b08dfb72162feff839.mp3"
    },
    {
      "id": "Tip",
      "clipBegin": "00:00:00.000",
      "clipEnd": "00:00:00.001",
      "src": "../../../../captions/audio/0acddd6f09a544b08dfb72162feff839.mp3"
    },
    {
      "id": "Options-0",
      "clipBegin": "00:00:06.297",
      "clipEnd": "00:00:19.384",
      "src": "../../../../captions/audio/0acddd6f09a544b08dfb72162feff839.mp3"
    },
    {
      "id": "Options-1",
      "clipBegin": "00:00:19.385",
      "clipEnd": "00:00:20.509",
      "src": "../../../../captions/audio/0acddd6f09a544b08dfb72162feff839.mp3"
    }
  ]
}
