{
  "ActivityTitle": "",
  "QuestionStem": "<p class=\"quill-source-editor\">What patterns did you observe about the forest?</p>",
  "VOIntro": "What patterns did you observe about the forest? Move the patterns into the chart. ",
  "Tip": "",
  "Summary": "",
  "qtype": "ddd",
  "options": [
    {
      "image": "",
      "id": "",
      "cells": [
        {
          "id": "",
          "type": "text",
          "label": "Animals blend in with the forest.",
          "position": 5,
          "inputData": "",
          "unit": "",
          "hint": "",
          "image": "",
          "correctOption": "",
          "imageAlt": ""
        },
        {
          "id": "",
          "type": "text",
          "label": "Plants grow all year.",
          "position": 3,
          "inputData": "",
          "unit": "",
          "hint": "",
          "image": "",
          "correctOption": "",
          "imageAlt": ""
        },
        {
          "id": "",
          "type": "text",
          "label": "Animals never leave trees.",
          "position": 5,
          "inputData": "",
          "unit": "",
          "hint": "",
          "image": "",
          "correctOption": "",
          "imageAlt": ""
        },
        {
          "id": "",
          "type": "text",
          "label": "Plants change with seasons.",
          "position": "1",
          "inputData": "",
          "unit": "",
          "hint": "",
          "image": "",
          "correctOption": "drag1",
          "imageAlt": ""
        }
      ]
    },
    {
      "image": "",
      "id": "",
      "cells": [
        {
          "id": "",
          "type": "target",
          "label": "",
          "position": 1,
          "inputData": "",
          "unit": "",
          "hint": "",
          "image": "",
          "correctOption": "drag1",
          "imageAlt": ""
        },
        {
          "id": "",
          "type": "target",
          "label": "",
          "position": 2,
          "inputData": "",
          "unit": "",
          "hint": "",
          "image": "",
          "correctOption": "drag05107644129067495",
          "imageAlt": ""
        },
        {
          "id": "",
          "type": "target",
          "label": "",
          "position": 5,
          "inputData": "",
          "unit": "",
          "hint": "",
          "image": "",
          "correctOption": "drag05107644129067495",
          "imageAlt": ""
        },
        {
          "id": "",
          "type": "target",
          "label": "",
          "position": 5,
          "inputData": "",
          "unit": "",
          "hint": "",
          "image": "",
          "correctOption": "drag1",
          "imageAlt": ""
        }
      ]
    }
  ],
  "Stimulus": {
    "image": {
      "src": "",
      "altText": "",
      "credits": ""
    },
    "text": {
      "src": ""
    },
    "audio": {
      "src": "",
      "caption": "",
      "credit": ""
    },
    "video": {
      "src": ""
    }
  },
  "downloadLink": "",
  "instantFeedback": true,
  "teacherAnswer": "",
  "migrated": true,
  "typeWidth": "main",
  "tableHeader": "",
  "columnCount": "2",
  "splitColumn": "one-half|one-half",
  "showUnitText": "true",
  "answerType": "text",
  "headers": [
    {
      "value": "",
      "text": ""
    },
    {
      "value": "",
      "text": ""
    },
    {
      "value": "",
      "text": ""
    },
    {
      "value": "",
      "text": ""
    }
  ],
  "draggables": [
    {
      "id": "drag1",
      "text": "patterns found",
      "image": "",
      "imageAlt": ""
    },
    {
      "id": "drag05107644129067495",
      "text": "patterns not found",
      "image": "",
      "imageAlt": ""
    }
  ],
  "questionImage": "",
  "fixedGridLayout": false,
  "optionsAreImages": false,
  "optionsType": "",
  "CorrectCannedResponse": "",
  "CorrectFeedback": "",
  "PartiallyCannedResponse": "",
  "PartiallyCorrectFeedback": "",
  "IncorrectCannedResponse": "",
  "IncorrectFeedback": "",
  "FinalIncorrectCannedResponse": "",
  "FinalIncorrectFeedback": "",
  "CorrectVOFeedback": "Super work! The plants in a forest change with the seasons. Many of the animals blend in with the forest.",
  "PartiallyCorrectVOFeedback": "",
  "IncorrectVOFeedback": "",
  "FinalIncorrectVOFeedback": "",
  "AudioFromRCE": true,
  "isPracticeInteraction": true,
  "AllowFullScreen": true,
  "AllowRefresh": true,
  "ShowAnswerOption": true,
  "SubmitToTeacherOption": true,
  "MaxAttempts": 2,
  "audioFile": "../../audio/manifests/config.json",
  "audioSchema": "drag_drop_table_audio_schema.json",
  "hasInstantFeedback": true,
  "hasCustomAttempts": true,
  "selectedLocale": "en-US"
}
