{
  "configuration": {
    "name": "widget_06088536994957499",
    "title": "",
    "stem": "What patterns did you observe about the forest?",
    "stemImage": "",
    "stemImageShown": false,
    "feedBack": {
      "attempts": 2,
      "firstWrongHint": "",
      "finalWrongHint": "",
      "correctHint": "Super work! The plants in a forest change with the seasons. Many of the animals blend in with the forest."
    },
    "options": [{
      "image": "",
      "id": "drag1",
      "text": "patterns found"
    }, {
      "image": "",
      "text": "patterns not found",
      "id": "drag05107644129067495"
    }],
    "voiceOver": "What patterns did you observe about the forest? Move the patterns into the chart. ",
    "tipText": "",
    "downloadLink": "",
    "instantFeedback": true,
    "teacherAnswer": "",
    "showTable": true,
    "imageBased": false,
    "twoLines": true,
    "dispenserLocation": "bottom",
    "columnCount": 4,
    "titles": [{
      "title": ""
    }, {
      "title": ""
    }, {
      "title": ""
    }, {
      "title": ""
    }],
    "rows": [{
      "columns": [{
        "type": "text",
        "text": "Animals blend in with the forest.",
        "image": "",
        "column": 5,
        "target": "target07003597155844656",
        "correctAnswer": ""
      }, {
        "type": "text",
        "text": "Plants grow all year.",
        "image": "",
        "column": 3,
        "target": "target04639264491847579",
        "correctAnswer": ""
      }, {
        "type": "text",
        "text": "Animals never leave trees.",
        "image": "",
        "column": 5,
        "target": "target01787727761346245",
        "correctAnswer": ""
      }, {
        "type": "text",
        "text": "Plants change with seasons.",
        "image": "",
        "column": "1",
        "target": "target1",
        "correctAnswer": "drag1"
      }]
    }, {
      "columns": [{
        "type": "target",
        "text": "",
        "image": "",
        "column": 1,
        "target": "target06526920788712622",
        "correctAnswer": "drag1"
      }, {
        "type": "target",
        "text": "",
        "image": "",
        "column": 2,
        "target": "target05370597549862968",
        "correctAnswer": "drag05107644129067495"
      }, {
        "type": "target",
        "text": "",
        "image": "",
        "column": 5,
        "target": "target0617652648128594",
        "correctAnswer": "drag05107644129067495"
      }, {
        "type": "target",
        "text": "",
        "image": "",
        "column": 5,
        "target": "target005976382857700213",
        "correctAnswer": "drag1"
      }]
    }],
    "questionImage": "",
    "titlesPresent": false
  }
}
