{
  "type": "NGSS",
  "contentId": "",
  "playlists": [
    {
      "id": "intro",
      "trackIds": [
        "title",
        "stem"
      ]
    },
    {
      "id": "0",
      "trackIds": [
        "caption-0"
      ]
    },
    {
      "id": "1",
      "trackIds": [
        "caption-1"
      ]
    },
    {
      "id": "2",
      "trackIds": [
        "caption-2"
      ]
    }
  ],
  "tracks": [
    {
      "id": "title",
      "clipBegin": "00:00:00.000",
      "clipEnd": "00:00:00.000",
      "src": "../../../captions/audio/0185bee472524a3d8237333989b17e01.mp3"
    },
    {
      "id": "stem",
      "clipBegin": "00:00:00.001",
      "clipEnd": "00:00:03.423",
      "src": "../../../captions/audio/0185bee472524a3d8237333989b17e01.mp3"
    },
    {
      "id": "caption-0",
      "clipBegin": "00:00:03.424",
      "clipEnd": "00:00:16.224",
      "src": "../../../captions/audio/0185bee472524a3d8237333989b17e01.mp3"
    },
    {
      "id": "caption-1",
      "clipBegin": "00:00:16.225",
      "clipEnd": "00:00:31.245",
      "src": "../../../captions/audio/0185bee472524a3d8237333989b17e01.mp3"
    },
    {
      "id": "caption-2",
      "clipBegin": "00:00:31.246",
      "clipEnd": "00:00:38.404",
      "src": "../../../captions/audio/0185bee472524a3d8237333989b17e01.mp3"
    }
  ]
}
