{
  "mapping_data": [
  {
      "source_key_name": "title",
      "target_key_name": "ActivityTitle",
      "parent_name_1": "tracks.clipBegin",
      "parent_name_2": "tracks.clipEnd",
      "iterative": "no",
      "difference_in_index": "",
      "reference_name": "id",
      "data_type": "text"
    },
    {
      "source_key_name": "stem",
      "target_key_name": "QuestionStem",
      "parent_name_1": "tracks.clipBegin",
      "parent_name_2": "tracks.clipEnd",
      "iterative": "no",
      "difference_in_index": "",
      "reference_name": "id",
      "data_type": "text"
    },
    {
      "source_key_name": "caption",
      "target_key_name": "Captions",
      "parent_name_1": "tracks.clipBegin",
      "parent_name_2": "tracks.clipEnd",
      "iterative": "yes",
      "difference_in_index": "playlists.id",
      "reference_name": "id",
      "data_type": "caption"
    },
    {
      "source_key_name": "",
      "target_key_name": "",
      "parent_name_1": "tracks.src",
      "parent_name_2": "",
      "iterative": "yes",
      "difference_in_index": "",
      "reference_name": "",
      "data_type": "srcpath"
    }

  ]
}
