{
  "type": "ExpLib_Image_Gallery",
  "contentId": "",
  "playlists": [
    {
      "id": "start",
      "trackIds": [
        "ActivityTitle",
        "QuestionStem"
      ]
    },
    {
      "id": "caption-0",
      "trackIds": [
        "Captions-0"
      ]
    },
    {
      "id": "caption-1",
      "trackIds": [
        "Captions-1"
      ]
    },
    {
      "id": "caption-2",
      "trackIds": [
        "Captions-2"
      ]
    }
  ],
  "tracks": [
    {
      "id": "ActivityTitle",
      "clipBegin": "00:00:00.000",
      "clipEnd": "00:00:00.1",
      "src": "../../../../captions/audio/0185bee472524a3d8237333989b17e01.mp3"
    },
    {
      "id": "QuestionStem",
      "clipBegin": "00:00:00.001",
      "clipEnd": "00:00:03.423",
      "src": "../../../../captions/audio/0185bee472524a3d8237333989b17e01.mp3"
    },
    {
      "id": "Captions-0",
      "clipBegin": "00:00:03.424",
      "clipEnd": "00:00:16.224",
      "src": "../../../../captions/audio/0185bee472524a3d8237333989b17e01.mp3"
    },
    {
      "id": "Captions-1",
      "clipBegin": "00:00:16.225",
      "clipEnd": "00:00:31.245",
      "src": "../../../../captions/audio/0185bee472524a3d8237333989b17e01.mp3"
    },
    {
      "id": "Captions-2",
      "clipBegin": "00:00:31.246",
      "clipEnd": "00:00:38.404",
      "src": "../../../../captions/audio/0185bee472524a3d8237333989b17e01.mp3"
    }
  ]
}
