{
  "ActivityTitle": "<p class=\"quill-source-editor\">Unit Starter: Asking Questions and Defining Problems</p>",
  "QuestionStem": "<p class=\"quill-source-editor\">Think about how your arms would feel if you were holding a heavy bucket for a long time. Identify the most important issues necessary to define the problem and investigate solutions in the photo below.</p>",
  "VOIntro": "",
  "Tip": "",
  "Summary": "",
  "content": {
    "spots": [
      {
        "left": 47.46376811594203,
        "top": 8.382590005373455,
        "direction": "none"
      },
      {
        "left": 41.30434782608695,
        "top": 54.37936593229446,
        "direction": "pin-bottom"
      },
      {
        "left": 53.5024154589372,
        "top": 62.117141321869966,
        "direction": "none"
      }
    ],
    "spotVoiceovers": [
      "",
      "",
      "",
      ""
    ],
    "interactionType": "panel",
    "image": "../../../../../img/cards/ms_cnlese814370_267p.jpg",
    "imageAlt": "A man and a woman hold up buckets to catch water dripping  from the ceiling. There is a large water stain on the ceiling and wall.",
    "imageCaption": "",
    "imageCredits": "",
    "panels": [
      {
        "title": "Initial Problem",
        "description": "The ceiling is leaking, which is causing a problem for these homeowners.",
        "image": "../../../../../img/cards/fossil.jpg",
        "imageAlt": ""
      },
      {
        "title": "Initial Solution",
        "description": "The homeowners are using buckets to catch the water. The buckets are the first solution to this problem.",
        "image": "../../../../../img/cards/cynognathus_fossil.jpg",
        "imageAlt": ""
      },
      {
        "title": "Secondary Problem",
        "description": "As more water collects in the buckets, they become heavier and more difficult to hold.",
        "image": "../../../../../img/cards/cynognathus_fossil.jpg",
        "imageAlt": ""
      }
    ]
  },
  "isPracticeInteraction": false,
  "AllowFullScreen": true,
  "AudioFromRCE": true,
  "AllowRefresh": true,
  "audioFile": "../../audio/manifests/config.json",
  "audioSchema": "hot_spot_audio_schema.json"
}
