{
  "configuration": {
    "name": "widget_08582021631717189",
    "title": "Unit Starter: Asking Questions and Defining Problems",
    "stem": "Think about how your arms would feel if you were holding a heavy bucket for a long time. Identify the most important issues necessary to define the problem and investigate solutions in the photo below.",
    "stemImage": "",
    "stemImageShown": false,
    "feedBack": {
      "attempts": "2",
      "firstWrongHint": "",
      "finalWrongHint": "",
      "correctHint": ""
    },
    "options": [
      {
        "image": "images/fossil.jpg",
        "id": "hotspot08465911068487912e",
        "label": "1",
        "left": 47.46376811594203,
        "top": 8.382590005373455,
        "disabled": false,
        "active": false,
        "status": "selected",
        "order": 1,
        "sequenceOrder": 3,
        "display": false,
        "width": 42,
        "title": "Initial Problem",
        "direction": "UP",
        "detailLayout": "T",
        "description": "The ceiling is leaking, which is causing a problem for these homeowners."
      },
      {
        "image": "images/cynognathus_fossil.jpg",
        "id": "hotspot02824587451759726c",
        "label": "2",
        "left": 41.30434782608695,
        "top": 54.37936593229446,
        "disabled": false,
        "active": false,
        "status": "active",
        "order": 3,
        "sequenceOrder": 2,
        "display": false,
        "width": 42,
        "title": "Initial Solution",
        "direction": "DOWN",
        "detailLayout": "T",
        "description": "The homeowners are using buckets to catch the water. The buckets are the first solution to this problem."
      },
      {
        "image": "images/cynognathus_fossil.jpg",
        "id": "hotspot028245874517597262b",
        "label": "3",
        "left": 53.5024154589372,
        "top": 62.117141321869966,
        "disabled": false,
        "active": false,
        "status": "active",
        "order": 2,
        "sequenceOrder": 1,
        "display": false,
        "width": 42,
        "title": "Secondary Problem",
        "direction": "RIGHT",
        "detailLayout": "T",
        "description": "As more water collects in the buckets, they become heavier and more difficult to hold."
      }
    ],
    "voiceOver": "",
    "tipText": "",
    "downloadLink": "",
    "instantFeedback": false,
    "teacherAnswer": "",
    "image": "../../../../img/cards/ms_cnlese814370_267p.jpg",
    "layout": "row feature",
    "hotspotType": "P",
    "hotspotDirection": "DOWN",
    "hotSpotWidth": 40,
    "hotSpotHeight": 44,
    "inputType": "non-seq",
    "hotSpotMessageDisplay": "normal",
    "questionImage": "",
    "imageAlt": "A man and a woman hold up buckets to catch water dripping  from the ceiling. There is a large water stain on the ceiling and wall."
  }
}
