{"configuration":{"name":"widget_024581075819751597","title":"<b><em>Do the Math!</b></em>","stem":"What are the temperatures in each weather report? ","stemImage":"","stemImageShown":false,"feedBack":{"attempts":"2","firstWrongHint":"That’s not it. The Fairbanks temperature is fifty degrees and the Miami temperature is ninety degrees. Try again. ","finalWrongHint":"That’s not it. The Fairbanks temperature is less than the Miami temperature.","correctHint":"Well done! The Fairbanks temperature is less than the Miami temperature."},"options":[{"image":"../../../../../img/cards/2_cnlese813830_402a.jpg","id":"Option1","type":"image","dropdown":"","imageAlt":"This drawing shows a weather chart of a five-day weather forecast for Miami, Florida. The temperatures range from 85-90 degrees Fahrenheit.  Weather symbols are shown for each day. Sunny days are indicated by a yellow ball for the sun. Partly cloudy days are shown by sun and clouds. "},{"image":"","id":"Option2","type":"dropdown","dropdown":[{"name":"mc-opt-item-03181963771111098","value":" <","isCorrect":true,"hint":""},{"name":"mc-opt-item-03133074965214966","value":"=","isCorrect":false,"hint":""},{"name":"mc-opt-item-05354896248850396","value":">","isCorrect":false,"hint":""}]},{"image":"../../../../../img/cards/2_cnlese813830_403a.jpg","id":"Option3","type":"image","dropdown":"","imageAlt":"This image shows a weather forecast for Fairbanks, Alaska over a week. Images show that the weather will be sunny, partly cloudy, or rainy each day. Temperatures range from 45 to 50 degrees Fahrenheit."}],"voiceOver":"Read the weather reports for Fairbanks, Alaska, and Miami, Florida. Then choose the correct symbol to compare the temperatures.","tipText":"The arrow pointing to the left stands for “is less than.” The two lines on top of each other stand for “is equal to.” The arrow pointing to the right stands for “is greater than.”","downloadLink":"","instantFeedback":false,"teacherAnswer":"","inputType":"multiple","rows":1,"columns":3,"table":[[{"colId":"col1","text":"<<Option3>>"},{"colId":"col2","text":"<<Option2>>"},{"colId":"col3","text":"<<Option1>>"}]],"paragraph":"Lorem ipsum dolor sit Lorem ipsum dolor sit amet Lorem ipsum dolor sit Lorem ipsum dolor <<Option1>> sit Lorem ipsum dolor sit amet Lorem ipsum dolor sit Lorem ipsum dolor sit amet,  Lorem ipsum dolor sit Lorem ipsum dolor sit amet Lorem ipsum dolor sit amet amet Lorem ipsum dolor sit amet Lorem ipsum dolor sit amet","questionImage":""}}
