{
  "ActivityTitle": "",
  "QuestionStem": "<p class=\"quill-source-editor\">What do designs to prevent landslides try to do?</p>",
  "VOIntro": "What do designs to prevent landslides try to do? Choose the correct answer from each drop-down list to complete these sentences.",
  "Tip": "",
  "Summary": "",
  "options": [
    {
      "PreQuestion": "Many designs help to prevent landslides. These solutions try to make landslides ",
      "PostQuestion": "",
      "value": "<p class=\"quill-source-editor\">Option1</p>",
      "CorrectAnswer": 1,
      "Paragraph": false,
      "dropdownOptions": [
        "<p class=\"quill-source-editor\">slower.</p>",
        "<p class=\"quill-source-editor\">not start.</p>",
        "<p class=\"quill-source-editor\">smaller.</p>"
      ],
      "_tempDropdownOptions": [
        {
          "tempId": "mc-opt-item-037257646885588414",
          "value": "<p class=\"quill-source-editor\">slower.</p>",
          "correctAnswer": false
        },
        {
          "tempId": "mc-opt-item-003477394092893915",
          "value": "<p class=\"quill-source-editor\">not start.</p>",
          "correctAnswer": true
        },
        {
          "tempId": "mc-opt-item-09021594210750115",
          "value": "<p class=\"quill-source-editor\">smaller.</p>",
          "correctAnswer": false
        }
      ]
    },
    {
      "PreQuestion": "\n\nShrubs help prevent landslides because they ",
      "PostQuestion": " the soil.",
      "value": "<p class=\"quill-source-editor\">Option2</p>",
      "CorrectAnswer": 0,
      "Paragraph": false,
      "dropdownOptions": [
        "<p class=\"quill-source-editor\">anchor </p>",
        "<p class=\"quill-source-editor\">dry </p>",
        "<p class=\"quill-source-editor\">soften </p>"
      ],
      "_tempDropdownOptions": [
        {
          "tempId": "mc-opt-item-07383684877614045",
          "value": "<p class=\"quill-source-editor\">anchor </p>",
          "correctAnswer": true
        },
        {
          "tempId": "mc-opt-item-0784933947632285",
          "value": "<p class=\"quill-source-editor\">dry </p>",
          "correctAnswer": false
        },
        {
          "tempId": "mc-opt-item-010428738000635351",
          "value": "<p class=\"quill-source-editor\">soften </p>",
          "correctAnswer": false
        }
      ]
    }
  ],
  "CorrectCannedResponse": "",
  "CorrectFeedback": "",
  "PartiallyCannedResponse": "",
  "PartiallyCorrectFeedback": " ",
  "IncorrectCannedResponse": "",
  "IncorrectFeedback": "",
  "FinalIncorrectCannedResponse": "",
  "FinalIncorrectFeedback": "",
  "CorrectVOFeedback": "That’s not it. The goal of landslide solution designs is to keep them from starting at all. Shrubs are planted, for example, to lock their roots in the soil and keep it from sliding down a hill.",
  "PartiallyCorrectVOFeedback": "That’s not quite right. Design solutions that work on landslides try to prevent them from starting. Shrubs that work on this problem, for example, lock the soil in place and try to keep it from sliding at all. Try again.",
  "IncorrectVOFeedback": "That’s not quite right. Design solutions that work on landslides try to prevent them from starting. Shrubs that work on this problem, for example, lock the soil in place and try to keep it from sliding at all. Try again.",
  "FinalIncorrectVOFeedback": "That’s not it. The goal of landslide solution designs is to keep them from starting at all. Shrubs are planted, for example, to lock their roots in the soil and keep it from sliding down a hill.",
  "AudioFromRCE": true,
  "qtype": "multiple",
  "AllowFullScreen": true,
  "AllowRefresh": true,
  "ShowAnswerOption": false,
  "SubmitToTeacherOption": false,
  "hasInstantFeedback": false,
  "hasCustomAttempts": false,
  "MaxAttempts": 2,
  "Stimulus": {
    "image": {
      "src": "",
      "credits": ""
    },
    "text": {
      "src": ""
    },
    "audio": {
      "src": "",
      "caption": "",
      "credit": ""
    },
    "video": {
      "src": ""
    }
  },
  "audioFile": "../../audio/manifests/config.json",
  "audioSchema": "drop_down_audio_schema.json",
  "moduleVersion": "2.6.0-gulp4test.1"
}
