{
  "configuration": {
    "name": "widget_0033872555142235194",
    "title": "",
    "stem": "What are features of rain forests and forests?",
    "stemImage": "",
    "stemImageShown": false,
    "feedBack": {
      "attempts": "2",
      "firstWrongHint": "That's not quite right. Think about how plants grow and change in each place. Try again.",
      "finalWrongHint": "That's not it. Plants in a rain forest grow thick and tall because it is warm and wet all year long. Plants in a forest have leaves that change color with the seasons. ",
      "correctHint": "That’s right! Plants in a rain forest grow thick and tall because it is warm and wet all year long. Plants in a forest have leaves that change color with the seasons."
    },
    "options": [
      {
        "image": "",
        "id": "Option1",
        "type": "dropdown",
        "textAlign": "left",
        "dropdown": [
          {
            "name": "mc-opt-item-028151441155932844",
            "value": "rain forest",
            "isCorrect": true,
            "hint": ""
          },
          {
            "name": "mc-opt-item-028151441155932845",
            "value": "forest",
            "isCorrect": false,
            "hint": "hint 2"
          }
        ]
      },
      {
        "image": "",
        "id": "Option2",
        "type": "dropdown",
        "textAlign": "left",
        "dropdown": [
          {
            "name": "mc-opt-item-08772675743956586",
            "value": "rain forest",
            "isCorrect": false,
            "hint": ""
          },
          {
            "name": "mc-opt-item-009560427150128592",
            "value": "forest",
            "isCorrect": true,
            "hint": ""
          }
        ]
      }
    ],
    "voiceOver": "What are features of rain forests and forests? Use the words \"rain forest\" and \"forest\" to complete these sentences.",
    "tipText": "",
    "downloadLink": "",
    "instantFeedback": false,
    "teacherAnswer": "",
    "rows": 1,
    "columns": 1,
    "table": [
      [
        {
          "colId": "col1",
          "text": "Because it is warm and wet, plants grow thick and tall in a <<Option1>>.  As the seasons change, the leaves change color on the plants in a <<Option2>>."
        }
      ]
    ],
    "questionImage": "",
    "state": {}
  }
}
