{
  "ActivityTitle": "",
  "QuestionStem": "<p class=\"quill-source-editor\">Technology changes all the time.</p>",
  "VOIntro": "How much do you think technology has changed over time? Choose each picture to explore some ways technology has changed.",
  "Tip": "test",
  "Summary": "",
  "audioFile": "../../audio/manifests/config.json",
  "audioSchema": "image_gallery_audio_schema.json",
  "images": [
    {
      "image": "../../../../../img/cards/k_cnlese813816_1599p_1600p.jpg",
      "caption": "",
      "altText": "",
      "credits": "",
      "voFeedback": "A tape player can only play a few songs. When you are done listening, you have to rewind the tape to hear the songs again. Now people use an MP3 player. It can hold thousands of songs, and you don’t have to rewind to hear them again!"
    },
    {
      "image": "../../../../../img/cards/k_cnlese813816_1601p_1602p.jpg",
      "caption": "",
      "altText": "",
      "credits": "",
      "voFeedback": "Did you know that before computers, people had to type a letter and send it through the mail? People used typewriters to type letters and other things instead of writing them by hand. Today, you can type a letter on a computer and send it by email. This is much faster!"
    },
    {
      "image": "../../../../../img/cards/k_cnlese813816_1603p_1604p.jpg",
      "caption": "",
      "altText": "",
      "credits": "",
      "voFeedback": "Televisions have changed a lot over time. They used to be big and very heavy, almost like furniture. And there were no remote controls! Newer TVs are very thin and flat! "
    }
  ],
  "AudioFromRCE": true,
  "qtype": "imageGallery",
  "AllowFullScreen": true,
  "AllowRefresh": true,
  "isPracticeInteraction": false
}
