{"type":"ExpLib_Short_Text_Table","contentId":"","playlists":[{"id":"sample-answer","trackIds":["SampleAnswer"]},{"id":"tip","trackIds":["Tip"]},{"id":"start","trackIds":["ActivityTitle","QuestionStem","TableHeader","ColumnHeaders-0","ColumnHeaders-1","ColumnHeaders-2","CellLabels-0-0","CellLabels-0-1","CellLabels-0-2","CellLabels-1-0","CellLabels-1-1","CellLabels-1-2","CellLabels-2-0","CellLabels-2-1","CellLabels-2-2","CellLabels-3-0","CellLabels-3-1","CellLabels-3-2","CellLabels-4-0","CellLabels-4-1","CellLabels-4-2","CellLabels-5-0","CellLabels-5-1","CellLabels-5-2","CellLabels-6-0","CellLabels-6-1","CellLabels-6-2","CellLabels-7-0","CellLabels-7-1","CellLabels-7-2","CellLabels-8-0","CellLabels-8-1","CellLabels-8-2","CellLabels-9-0","CellLabels-9-1","CellLabels-9-2","CellLabels-10-0","CellLabels-10-1","CellLabels-10-2","CellLabels-11-0","CellLabels-11-1","CellLabels-11-2"]}],"tracks":[{"id":"SampleAnswer","clipBegin":"00:00:00.000","clipEnd":"00:00:00.001","src":"../../../../captions/audio/8f1d3815a80a4adcad7617fbc07b2550.mp3"},{"id":"ActivityTitle","clipBegin":"00:00:01.021","clipEnd":"00:00:01.022","src":"../../../../captions/audio/8f1d3815a80a4adcad7617fbc07b2550.mp3"},{"id":"Tip","clipBegin":"00:00:00.000","clipEnd":"00:00:00.001","src":"../../../../captions/audio/8f1d3815a80a4adcad7617fbc07b2550.mp3"},{"id":"QuestionStem","clipBegin":"00:00:01.022","clipEnd":"00:00:16.094","src":"../../../../captions/audio/8f1d3815a80a4adcad7617fbc07b2550.mp3"},{"id":"TableHeader","clipBegin":"00:00:16.095","clipEnd":"00:00:16.096","src":"../../../../captions/audio/8f1d3815a80a4adcad7617fbc07b2550.mp3"},{"id":"ColumnHeaders-0","clipBegin":"00:00:16.096","clipEnd":"00:00:16.906","src":"../../../../captions/audio/8f1d3815a80a4adcad7617fbc07b2550.mp3"},{"id":"ColumnHeaders-1","clipBegin":"00:00:16.907","clipEnd":"00:00:18.631","src":"../../../../captions/audio/8f1d3815a80a4adcad7617fbc07b2550.mp3"},{"id":"ColumnHeaders-2","clipBegin":"00:00:18.632","clipEnd":"00:00:20.174","src":"../../../../captions/audio/8f1d3815a80a4adcad7617fbc07b2550.mp3"},{"id":"CellLabels-0-0","clipBegin":"00:00:20.175","clipEnd":"00:00:20.749","src":"../../../../captions/audio/8f1d3815a80a4adcad7617fbc07b2550.mp3"},{"id":"CellLabels-0-1","clipBegin":"00:00:20.750","clipEnd":"00:00:20.751","src":"../../../../captions/audio/8f1d3815a80a4adcad7617fbc07b2550.mp3"},{"id":"CellLabels-0-2","clipBegin":"00:00:20.751","clipEnd":"00:00:20.752","src":"../../../../captions/audio/8f1d3815a80a4adcad7617fbc07b2550.mp3"},{"id":"CellLabels-1-0","clipBegin":"00:00:20.752","clipEnd":"00:00:21.222","src":"../../../../captions/audio/8f1d3815a80a4adcad7617fbc07b2550.mp3"},{"id":"CellLabels-1-1","clipBegin":"00:00:21.223","clipEnd":"00:00:21.224","src":"../../../../captions/audio/8f1d3815a80a4adcad7617fbc07b2550.mp3"},{"id":"CellLabels-1-2","clipBegin":"00:00:21.224","clipEnd":"00:00:21.225","src":"../../../../captions/audio/8f1d3815a80a4adcad7617fbc07b2550.mp3"},{"id":"CellLabels-2-0","clipBegin":"00:00:21.225","clipEnd":"00:00:21.825","src":"../../../../captions/audio/8f1d3815a80a4adcad7617fbc07b2550.mp3"},{"id":"CellLabels-2-1","clipBegin":"00:00:21.826","clipEnd":"00:00:21.827","src":"../../../../captions/audio/8f1d3815a80a4adcad7617fbc07b2550.mp3"},{"id":"CellLabels-2-2","clipBegin":"00:00:21.827","clipEnd":"00:00:21.828","src":"../../../../captions/audio/8f1d3815a80a4adcad7617fbc07b2550.mp3"},{"id":"CellLabels-3-0","clipBegin":"00:00:21.828","clipEnd":"00:00:22.376","src":"../../../../captions/audio/8f1d3815a80a4adcad7617fbc07b2550.mp3"},{"id":"CellLabels-3-1","clipBegin":"00:00:22.377","clipEnd":"00:00:22.378","src":"../../../../captions/audio/8f1d3815a80a4adcad7617fbc07b2550.mp3"},{"id":"CellLabels-3-2","clipBegin":"00:00:22.378","clipEnd":"00:00:22.379","src":"../../../../captions/audio/8f1d3815a80a4adcad7617fbc07b2550.mp3"},{"id":"CellLabels-4-0","clipBegin":"00:00:22.379","clipEnd":"00:00:22.979","src":"../../../../captions/audio/8f1d3815a80a4adcad7617fbc07b2550.mp3"},{"id":"CellLabels-4-1","clipBegin":"00:00:22.980","clipEnd":"00:00:22.981","src":"../../../../captions/audio/8f1d3815a80a4adcad7617fbc07b2550.mp3"},{"id":"CellLabels-4-2","clipBegin":"00:00:22.981","clipEnd":"00:00:22.982","src":"../../../../captions/audio/8f1d3815a80a4adcad7617fbc07b2550.mp3"},{"id":"CellLabels-5-0","clipBegin":"00:00:22.982","clipEnd":"00:00:23.635","src":"../../../../captions/audio/8f1d3815a80a4adcad7617fbc07b2550.mp3"},{"id":"CellLabels-5-1","clipBegin":"00:00:23.636","clipEnd":"00:00:23.637","src":"../../../../captions/audio/8f1d3815a80a4adcad7617fbc07b2550.mp3"},{"id":"CellLabels-5-2","clipBegin":"00:00:23.637","clipEnd":"00:00:23.638","src":"../../../../captions/audio/8f1d3815a80a4adcad7617fbc07b2550.mp3"},{"id":"CellLabels-6-0","clipBegin":"00:00:23.638","clipEnd":"00:00:24.317","src":"../../../../captions/audio/8f1d3815a80a4adcad7617fbc07b2550.mp3"},{"id":"CellLabels-6-1","clipBegin":"00:00:24.318","clipEnd":"00:00:24.319","src":"../../../../captions/audio/8f1d3815a80a4adcad7617fbc07b2550.mp3"},{"id":"CellLabels-6-2","clipBegin":"00:00:24.319","clipEnd":"00:00:24.320","src":"../../../../captions/audio/8f1d3815a80a4adcad7617fbc07b2550.mp3"},{"id":"CellLabels-7-0","clipBegin":"00:00:24.320","clipEnd":"00:00:24.764","src":"../../../../captions/audio/8f1d3815a80a4adcad7617fbc07b2550.mp3"},{"id":"CellLabels-7-1","clipBegin":"00:00:24.765","clipEnd":"00:00:24.766","src":"../../../../captions/audio/8f1d3815a80a4adcad7617fbc07b2550.mp3"},{"id":"CellLabels-7-2","clipBegin":"00:00:24.766","clipEnd":"00:00:24.767","src":"../../../../captions/audio/8f1d3815a80a4adcad7617fbc07b2550.mp3"},{"id":"CellLabels-8-0","clipBegin":"00:00:24.767","clipEnd":"00:00:25.315","src":"../../../../captions/audio/8f1d3815a80a4adcad7617fbc07b2550.mp3"},{"id":"CellLabels-8-1","clipBegin":"00:00:25.316","clipEnd":"00:00:25.317","src":"../../../../captions/audio/8f1d3815a80a4adcad7617fbc07b2550.mp3"},{"id":"CellLabels-8-2","clipBegin":"00:00:25.317","clipEnd":"00:00:25.318","src":"../../../../captions/audio/8f1d3815a80a4adcad7617fbc07b2550.mp3"},{"id":"CellLabels-9-0","clipBegin":"00:00:25.318","clipEnd":"00:00:25.814","src":"../../../../captions/audio/8f1d3815a80a4adcad7617fbc07b2550.mp3"},{"id":"CellLabels-9-1","clipBegin":"00:00:25.815","clipEnd":"00:00:25.816","src":"../../../../captions/audio/8f1d3815a80a4adcad7617fbc07b2550.mp3"},{"id":"CellLabels-9-2","clipBegin":"00:00:25.816","clipEnd":"00:00:25.817","src":"../../../../captions/audio/8f1d3815a80a4adcad7617fbc07b2550.mp3"},{"id":"CellLabels-10-0","clipBegin":"00:00:25.817","clipEnd":"00:00:26.496","src":"../../../../captions/audio/8f1d3815a80a4adcad7617fbc07b2550.mp3"},{"id":"CellLabels-10-1","clipBegin":"00:00:26.497","clipEnd":"00:00:26.498","src":"../../../../captions/audio/8f1d3815a80a4adcad7617fbc07b2550.mp3"},{"id":"CellLabels-10-2","clipBegin":"00:00:26.498","clipEnd":"00:00:26.499","src":"../../../../captions/audio/8f1d3815a80a4adcad7617fbc07b2550.mp3"},{"id":"CellLabels-11-0","clipBegin":"00:00:26.499","clipEnd":"00:00:27.073","src":"../../../../captions/audio/8f1d3815a80a4adcad7617fbc07b2550.mp3"},{"id":"CellLabels-11-1","clipBegin":"00:00:27.074","clipEnd":"00:00:27.075","src":"../../../../captions/audio/8f1d3815a80a4adcad7617fbc07b2550.mp3"},{"id":"CellLabels-11-2","clipBegin":"00:00:27.075","clipEnd":"00:00:27.076","src":"../../../../captions/audio/8f1d3815a80a4adcad7617fbc07b2550.mp3"}]}