{
  "type": "NGSS",
  "contentId": "",
  "playlists": [
    {
      "id": "possible-answer",
      "trackIds": [
        "possible-boilerplate",
        "possible-answer"
      ]
    },
    {
      "id": "intro",
      "trackIds": [
        "title",
        "stem",
        "tableHeader",
        "column-title-0",
        "column-title-1",
        "column-title-2",
        "label-0-0",
        "label-0-1",
        "label-0-2",
        "label-1-0",
        "label-1-1",
        "label-1-2",
        "label-2-0",
        "label-2-1",
        "label-2-2",
        "label-3-0",
        "label-3-1",
        "label-3-2",
        "label-4-0",
        "label-4-1",
        "label-4-2",
        "label-5-0",
        "label-5-1",
        "label-5-2",
        "label-6-0",
        "label-6-1",
        "label-6-2",
        "label-7-0",
        "label-7-1",
        "label-7-2",
        "label-8-0",
        "label-8-1",
        "label-8-2",
        "label-9-0",
        "label-9-1",
        "label-9-2",
        "label-10-0",
        "label-10-1",
        "label-10-2",
        "label-11-0",
        "label-11-1",
        "label-11-2"
      ]
    }
  ],
  "tracks": [
    {
      "id": "possible-answer",
      "clipBegin": "00:00:00.000",
      "clipEnd": "00:00:00.000",
      "src": "../../../captions/audio/8f1d3815a80a4adcad7617fbc07b2550.mp3"
    },
    {
      "id": "possible-boilerplate",
      "clipBegin": "00:00:00.001",
      "clipEnd": "00:00:01.020",
      "src": "../../../captions/audio/8f1d3815a80a4adcad7617fbc07b2550.mp3"
    },
    {
      "id": "title",
      "clipBegin": "00:00:01.021",
      "clipEnd": "00:00:01.021",
      "src": "../../../captions/audio/8f1d3815a80a4adcad7617fbc07b2550.mp3"
    },
    {
      "id": "stem",
      "clipBegin": "00:00:01.022",
      "clipEnd": "00:00:16.094",
      "src": "../../../captions/audio/8f1d3815a80a4adcad7617fbc07b2550.mp3"
    },
    {
      "id": "tableHeader",
      "clipBegin": "00:00:16.095",
      "clipEnd": "00:00:16.095",
      "src": "../../../captions/audio/8f1d3815a80a4adcad7617fbc07b2550.mp3"
    },
    {
      "id": "column-title-0",
      "clipBegin": "00:00:16.096",
      "clipEnd": "00:00:16.906",
      "src": "../../../captions/audio/8f1d3815a80a4adcad7617fbc07b2550.mp3"
    },
    {
      "id": "column-title-1",
      "clipBegin": "00:00:16.907",
      "clipEnd": "00:00:18.631",
      "src": "../../../captions/audio/8f1d3815a80a4adcad7617fbc07b2550.mp3"
    },
    {
      "id": "column-title-2",
      "clipBegin": "00:00:18.632",
      "clipEnd": "00:00:20.174",
      "src": "../../../captions/audio/8f1d3815a80a4adcad7617fbc07b2550.mp3"
    },
    {
      "id": "label-0-0",
      "clipBegin": "00:00:20.175",
      "clipEnd": "00:00:20.749",
      "src": "../../../captions/audio/8f1d3815a80a4adcad7617fbc07b2550.mp3"
    },
    {
      "id": "label-0-1",
      "clipBegin": "00:00:20.750",
      "clipEnd": "00:00:20.750",
      "src": "../../../captions/audio/8f1d3815a80a4adcad7617fbc07b2550.mp3"
    },
    {
      "id": "label-0-2",
      "clipBegin": "00:00:20.751",
      "clipEnd": "00:00:20.751",
      "src": "../../../captions/audio/8f1d3815a80a4adcad7617fbc07b2550.mp3"
    },
    {
      "id": "label-1-0",
      "clipBegin": "00:00:20.752",
      "clipEnd": "00:00:21.222",
      "src": "../../../captions/audio/8f1d3815a80a4adcad7617fbc07b2550.mp3"
    },
    {
      "id": "label-1-1",
      "clipBegin": "00:00:21.223",
      "clipEnd": "00:00:21.223",
      "src": "../../../captions/audio/8f1d3815a80a4adcad7617fbc07b2550.mp3"
    },
    {
      "id": "label-1-2",
      "clipBegin": "00:00:21.224",
      "clipEnd": "00:00:21.224",
      "src": "../../../captions/audio/8f1d3815a80a4adcad7617fbc07b2550.mp3"
    },
    {
      "id": "label-2-0",
      "clipBegin": "00:00:21.225",
      "clipEnd": "00:00:21.825",
      "src": "../../../captions/audio/8f1d3815a80a4adcad7617fbc07b2550.mp3"
    },
    {
      "id": "label-2-1",
      "clipBegin": "00:00:21.826",
      "clipEnd": "00:00:21.826",
      "src": "../../../captions/audio/8f1d3815a80a4adcad7617fbc07b2550.mp3"
    },
    {
      "id": "label-2-2",
      "clipBegin": "00:00:21.827",
      "clipEnd": "00:00:21.827",
      "src": "../../../captions/audio/8f1d3815a80a4adcad7617fbc07b2550.mp3"
    },
    {
      "id": "label-3-0",
      "clipBegin": "00:00:21.828",
      "clipEnd": "00:00:22.376",
      "src": "../../../captions/audio/8f1d3815a80a4adcad7617fbc07b2550.mp3"
    },
    {
      "id": "label-3-1",
      "clipBegin": "00:00:22.377",
      "clipEnd": "00:00:22.377",
      "src": "../../../captions/audio/8f1d3815a80a4adcad7617fbc07b2550.mp3"
    },
    {
      "id": "label-3-2",
      "clipBegin": "00:00:22.378",
      "clipEnd": "00:00:22.378",
      "src": "../../../captions/audio/8f1d3815a80a4adcad7617fbc07b2550.mp3"
    },
    {
      "id": "label-4-0",
      "clipBegin": "00:00:22.379",
      "clipEnd": "00:00:22.979",
      "src": "../../../captions/audio/8f1d3815a80a4adcad7617fbc07b2550.mp3"
    },
    {
      "id": "label-4-1",
      "clipBegin": "00:00:22.980",
      "clipEnd": "00:00:22.980",
      "src": "../../../captions/audio/8f1d3815a80a4adcad7617fbc07b2550.mp3"
    },
    {
      "id": "label-4-2",
      "clipBegin": "00:00:22.981",
      "clipEnd": "00:00:22.981",
      "src": "../../../captions/audio/8f1d3815a80a4adcad7617fbc07b2550.mp3"
    },
    {
      "id": "label-5-0",
      "clipBegin": "00:00:22.982",
      "clipEnd": "00:00:23.635",
      "src": "../../../captions/audio/8f1d3815a80a4adcad7617fbc07b2550.mp3"
    },
    {
      "id": "label-5-1",
      "clipBegin": "00:00:23.636",
      "clipEnd": "00:00:23.636",
      "src": "../../../captions/audio/8f1d3815a80a4adcad7617fbc07b2550.mp3"
    },
    {
      "id": "label-5-2",
      "clipBegin": "00:00:23.637",
      "clipEnd": "00:00:23.637",
      "src": "../../../captions/audio/8f1d3815a80a4adcad7617fbc07b2550.mp3"
    },
    {
      "id": "label-6-0",
      "clipBegin": "00:00:23.638",
      "clipEnd": "00:00:24.317",
      "src": "../../../captions/audio/8f1d3815a80a4adcad7617fbc07b2550.mp3"
    },
    {
      "id": "label-6-1",
      "clipBegin": "00:00:24.318",
      "clipEnd": "00:00:24.318",
      "src": "../../../captions/audio/8f1d3815a80a4adcad7617fbc07b2550.mp3"
    },
    {
      "id": "label-6-2",
      "clipBegin": "00:00:24.319",
      "clipEnd": "00:00:24.319",
      "src": "../../../captions/audio/8f1d3815a80a4adcad7617fbc07b2550.mp3"
    },
    {
      "id": "label-7-0",
      "clipBegin": "00:00:24.320",
      "clipEnd": "00:00:24.764",
      "src": "../../../captions/audio/8f1d3815a80a4adcad7617fbc07b2550.mp3"
    },
    {
      "id": "label-7-1",
      "clipBegin": "00:00:24.765",
      "clipEnd": "00:00:24.765",
      "src": "../../../captions/audio/8f1d3815a80a4adcad7617fbc07b2550.mp3"
    },
    {
      "id": "label-7-2",
      "clipBegin": "00:00:24.766",
      "clipEnd": "00:00:24.766",
      "src": "../../../captions/audio/8f1d3815a80a4adcad7617fbc07b2550.mp3"
    },
    {
      "id": "label-8-0",
      "clipBegin": "00:00:24.767",
      "clipEnd": "00:00:25.315",
      "src": "../../../captions/audio/8f1d3815a80a4adcad7617fbc07b2550.mp3"
    },
    {
      "id": "label-8-1",
      "clipBegin": "00:00:25.316",
      "clipEnd": "00:00:25.316",
      "src": "../../../captions/audio/8f1d3815a80a4adcad7617fbc07b2550.mp3"
    },
    {
      "id": "label-8-2",
      "clipBegin": "00:00:25.317",
      "clipEnd": "00:00:25.317",
      "src": "../../../captions/audio/8f1d3815a80a4adcad7617fbc07b2550.mp3"
    },
    {
      "id": "label-9-0",
      "clipBegin": "00:00:25.318",
      "clipEnd": "00:00:25.814",
      "src": "../../../captions/audio/8f1d3815a80a4adcad7617fbc07b2550.mp3"
    },
    {
      "id": "label-9-1",
      "clipBegin": "00:00:25.815",
      "clipEnd": "00:00:25.815",
      "src": "../../../captions/audio/8f1d3815a80a4adcad7617fbc07b2550.mp3"
    },
    {
      "id": "label-9-2",
      "clipBegin": "00:00:25.816",
      "clipEnd": "00:00:25.816",
      "src": "../../../captions/audio/8f1d3815a80a4adcad7617fbc07b2550.mp3"
    },
    {
      "id": "label-10-0",
      "clipBegin": "00:00:25.817",
      "clipEnd": "00:00:26.496",
      "src": "../../../captions/audio/8f1d3815a80a4adcad7617fbc07b2550.mp3"
    },
    {
      "id": "label-10-1",
      "clipBegin": "00:00:26.497",
      "clipEnd": "00:00:26.497",
      "src": "../../../captions/audio/8f1d3815a80a4adcad7617fbc07b2550.mp3"
    },
    {
      "id": "label-10-2",
      "clipBegin": "00:00:26.498",
      "clipEnd": "00:00:26.498",
      "src": "../../../captions/audio/8f1d3815a80a4adcad7617fbc07b2550.mp3"
    },
    {
      "id": "label-11-0",
      "clipBegin": "00:00:26.499",
      "clipEnd": "00:00:27.073",
      "src": "../../../captions/audio/8f1d3815a80a4adcad7617fbc07b2550.mp3"
    },
    {
      "id": "label-11-1",
      "clipBegin": "00:00:27.074",
      "clipEnd": "00:00:27.074",
      "src": "../../../captions/audio/8f1d3815a80a4adcad7617fbc07b2550.mp3"
    },
    {
      "id": "label-11-2",
      "clipBegin": "00:00:27.075",
      "clipEnd": "00:00:27.075",
      "src": "../../../captions/audio/8f1d3815a80a4adcad7617fbc07b2550.mp3"
    }
  ]
}
