{
  "ActivityTitle": "",
  "QuestionStem": "<p class=\"quill-source-editor\">Reveal the pictures below to discover how air pollution alters structures over time.</p>",
  "Tip": "",
  "Summary": "",
  "Stimulus": {
    "image": {
      "src": "",
      "credits": ""
    },
    "text": {
      "src": ""
    },
    "audio": {
      "src": "",
      "caption": "",
      "credit": ""
    },
    "video": {
      "src": ""
    }
  },
  "containerType": "",
  "options": [
    {
      "id": "mc-opt-item-028151441155932841",
      "content": "When pollution in the atmosphere caused by burning fossil fuels combines with water, it can form acid rain. Acid rain can damage a statue causing it to change from this…",
      "imgSrc": "../../../../../img/cards/5_cnlese813861_1178p.jpg",
      "reveal": false,
      "hide": true,
      "imgAlt": "This photograph shows a  very large statue of a lion."
    },
    {
      "id": "mc-opt-item-06761015402153134x2",
      "content": "... to this!",
      "imgSrc": "../../../../../img/cards/5_cnlese813861_1179p.jpg",
      "reveal": false,
      "hide": true,
      "imgAlt": "This photograph shows a statue of a lion in front of a building. The surface of the statue is pitted with small holes."
    }
  ],
  "isPracticeInteraction": false,
  "AllowFullScreen": true,
  "AllowRefresh": true,
  "optionsAreImages": true,
  "audioFile": "../../audio/manifests/config.json",
  "audioSchema": "reveal_audio_schema.json",
  "SummaryAltText": "",
  "VOIntro": ""
}
