{
  "configuration": {
    "name": "widget_002925988685034908",
    "title": "",
    "stem": "Reveal the pictures below to discover how air pollution alters structures over time.",
    "stemImage": "",
    "stemImageShown": false,
    "feedBack": {
      "attempts": "2",
      "firstWrongHint": "",
      "finalWrongHint": "",
      "correctHint": ""
    },
    "options": [
      {
        "image": "../../../../img/cards/5_cnlese813861_1178p.jpg",
        "name": "mc-opt-item-028151441155932841",
        "imageText": "When pollution in the atmosphere caused by burning fossil fuels combines with water, it can form acid rain. Acid rain can damage a statue causing it to change from this…",
        "revealBox": false,
        "value": "1",
        "visibility": false,
        "imageAlt": "This photograph shows a  very large statue of a lion."
      },
      {
        "image": "../../../../img/cards/5_cnlese813861_1179p.jpg",
        "name": "mc-opt-item-06761015402153134x2",
        "imageText": "... to this!",
        "revealBox": false,
        "value": "2",
        "visibility": false,
        "imageAlt": "This photograph shows a statue of a lion in front of a building. The surface of the statue is pitted with small holes."
      }
    ],
    "voiceOver": "",
    "tipText": "",
    "downloadLink": "",
    "instantFeedback": false,
    "teacherAnswer": "",
    "showCaption": true,
    "inputType": "checkbox",
    "layout": {
      "text": "One Column",
      "value": "col-xs-3"
    },
    "optionsType": "4",
    "questionImage": ""
  }
}
