{
  "ActivityTitle": "",
  "QuestionStem": "<p class=\"quill-source-editor\"><strong>B.</strong> Match the correct measurement to the correct weather instruments.</p>",
  "VOIntro": "",
  "Tip": "",
  "Summary": "",
  "qtype": "ddd",
  "options": [
    {
      "image": "",
      "id": "inputData1478879537317",
      "cells": [
        {
          "id": "content_0_0",
          "type": "image",
          "label": "",
          "position": "1",
          "inputData": "",
          "unit": "",
          "hint": "",
          "image": "../../../../../img/cards/3_cnlese813847_1712a.jpg",
          "correctOption": "option_1",
          "imageAlt": ""
        },
        {
          "id": "content_0_1",
          "type": "target",
          "label": "",
          "position": "2",
          "inputData": "",
          "unit": "",
          "hint": "",
          "image": "../../../../../img/cards/fpo.jpg",
          "correctOption": "draggables_-08574716417153019",
          "imageAlt": ""
        }
      ]
    },
    {
      "image": "",
      "id": "inputData1478879537317",
      "cells": [
        {
          "id": "col-05790425825274881",
          "type": "image",
          "label": "",
          "position": 1,
          "inputData": "",
          "unit": "",
          "hint": "",
          "image": "../../../../../img/cards/3_cnlese813847_1713a.jpg",
          "correctOption": "",
          "imageAlt": ""
        },
        {
          "id": "col-021347929710465863",
          "type": "target",
          "label": "",
          "position": 2,
          "inputData": "",
          "unit": "",
          "hint": "",
          "image": "../../../../../img/cards/fpo.jpg",
          "correctOption": "option_1",
          "imageAlt": ""
        }
      ]
    },
    {
      "image": "",
      "id": "inputData1478879725256",
      "cells": [
        {
          "id": "col-00025817822599933926",
          "type": "image",
          "label": "",
          "position": 1,
          "inputData": "",
          "unit": "",
          "hint": "",
          "image": "../../../../../img/cards/3_cnlese813847_857a.jpg",
          "correctOption": "",
          "imageAlt": ""
        },
        {
          "id": "col-07656965340645945",
          "type": "target",
          "label": "",
          "position": 2,
          "inputData": "",
          "unit": "",
          "hint": "",
          "image": "",
          "correctOption": "draggables_-034289858414632457",
          "imageAlt": ""
        }
      ]
    }
  ],
  "Stimulus": {
    "image": {
      "src": "",
      "credits": ""
    },
    "text": {
      "src": ""
    },
    "audio": {
      "src": "",
      "caption": "",
      "credit": ""
    },
    "video": {
      "src": ""
    }
  },
  "downloadLink": "",
  "instantFeedback": false,
  "teacherAnswer": "",
  "migrated": true,
  "typeWidth": "feature",
  "tableHeader": "",
  "columnCount": 2,
  "splitColumn": "",
  "showUnitText": "true",
  "answerType": "text",
  "headers": [
    {
      "value": "1",
      "text": ""
    },
    {
      "value": "2",
      "text": ""
    }
  ],
  "draggables": [
    {
      "id": "option_1",
      "text": "<p class=\"quill-source-editor\">from the east</p>",
      "image": ""
    },
    {
      "id": "draggables_-02694499725791062",
      "text": "<p class=\"quill-source-editor\">85 ºF</p>",
      "image": ""
    },
    {
      "id": "draggables_-04818884286299816",
      "text": "<p class=\"quill-source-editor\">2 inches</p>",
      "image": ""
    },
    {
      "id": "draggables_-08574716417153019",
      "text": "<p class=\"quill-source-editor\">82 ºF</p>",
      "image": ""
    },
    {
      "id": "draggables_-09570062240266788",
      "text": "<p class=\"quill-source-editor\">5 inches</p>",
      "image": ""
    },
    {
      "id": "draggables_-06017540613348664",
      "text": "<p class=\"quill-source-editor\">from the west</p>",
      "image": ""
    },
    {
      "id": "draggables_-034289858414632457",
      "text": "<p class=\"quill-source-editor\">3 inches</p>",
      "image": ""
    },
    {
      "id": "draggables_-08452223293689147",
      "text": "<p class=\"quill-source-editor\">78 ºF</p>",
      "image": ""
    }
  ],
  "questionImage": "",
  "fixedGridLayout": false,
  "optionsAreImages": false,
  "optionsType": "",
  "CorrectCannedResponse": "<p class=\"quill-source-editor\">Well Done.</p>",
  "CorrectFeedback": "<p class=\"quill-source-editor\">The temperature is 82 ºF. The wind is blowing from the east, and 3 inches of rain fell.</p>",
  "PartiallyCannedResponse": "<p class=\"quill-source-editor\">That's not it.</p>",
  "PartiallyCorrectFeedback": "<p class=\"quill-source-editor\">Look closely at the readings on the tools.</p>",
  "IncorrectCannedResponse": "<p class=\"quill-source-editor\">That's not it.</p>",
  "IncorrectFeedback": "<p class=\"quill-source-editor\">Look closely at the readings on the tools.</p>",
  "FinalIncorrectCannedResponse": "<p class=\"quill-source-editor\">That’s not it.</p>",
  "FinalIncorrectFeedback": "<p class=\"quill-source-editor\">The temperature is 82 ºF. The wind is blowing from the east, and 3 inches of rain fell.</p>",
  "CorrectVOFeedback": "",
  "PartiallyCorrectVOFeedback": "",
  "IncorrectVOFeedback": "",
  "FinalIncorrectVOFeedback": "",
  "AudioFromRCE": true,
  "isPracticeInteraction": true,
  "AllowFullScreen": true,
  "AllowRefresh": true,
  "ShowAnswerOption": true,
  "SubmitToTeacherOption": true,
  "MaxAttempts": 2,
  "audioFile": "../../audio/manifests/config.json",
  "audioSchema": "drag_drop_table_audio_schema.json",
  "hasInstantFeedback": false,
  "hasCustomAttempts": true,
  "selectedLocale": "en-US"
}
