{"assets_config":{
  "image_path":"../../../../../img/cards/",
  "audio_path":"",
  "video_path":""
},

  "mapping_data":[
    {
    "source_key_name":"imageCaptionMatchingImage",
    "target_key_name":"matchingImageCaption",
    "source_parent_name":"configuration.options",
    "target_parent_name":"options",
    "iterative": "yes",
    "para_tag":"no",
    "difference_in_index": "0",
    "data_type":"text"
    },
    {
    "source_key_name":"imageCaptionImage",
    "target_key_name":"imageCaption",
    "source_parent_name":"configuration.options",
    "target_parent_name":"options",
    "iterative": "yes",
    "para_tag":"no",
    "difference_in_index": "0",
    "data_type":"text"
    },
        {
        "source_key_name":"title",
        "target_key_name":"ActivityTitle",
        "source_parent_name":"configuration",
        "target_parent_name":"",
        "iterative": "no",
        "para_tag":"yes",
        "difference_in_index": "0",
        "data_type":"text"
      },
      {
        "source_key_name":"stem",
        "target_key_name":"QuestionStem",
        "source_parent_name":"configuration",
        "target_parent_name":"",
        "iterative": "no",
        "para_tag":"yes",
        "difference_in_index": "0",
        "data_type":"text"
      },
      {
        "source_key_name":"stemImage",
        "target_key_name":"src",
        "source_parent_name":"configuration",
        "target_parent_name":"Stimulus.image",
        "iterative": "no",
        "para_tag":"no",
        "difference_in_index": "0",
        "data_type":"image"
      },

      {
        "source_key_name":"tipText",
        "target_key_name":"Tip",
        "source_parent_name":"configuration",
        "target_parent_name":"",
        "iterative": "no",
        "para_tag":"yes",
        "difference_in_index": "0",
        "data_type":"text"
      },

      {
        "source_key_name":"voiceOver",
        "target_key_name":"VOIntro",
        "source_parent_name":"configuration",
        "target_parent_name":"",
        "iterative": "no",
        "para_tag":"no",
        "difference_in_index": "0",
        "data_type":"text"
      },
      {
      "source_key_name":"id",
      "target_key_name":"id",
      "source_parent_name":"configuration.options",
      "target_parent_name":"options",
      "iterative": "yes",
      "para_tag":"no",
      "difference_in_index": "0",
      "data_type":"text"
      },
      {
      "source_key_name":"startingOrderLeft",
      "target_key_name":"startingOrderLeft",
      "source_parent_name":"configuration.options",
      "target_parent_name":"options",
      "iterative": "yes",
      "para_tag":"no",
      "difference_in_index": "0",
      "data_type":"text"
      },
      {
      "source_key_name":"text",
      "target_key_name":"text",
      "source_parent_name":"configuration.options",
      "target_parent_name":"options",
      "iterative": "yes",
      "para_tag":"no",
      "difference_in_index": "0",
      "data_type":"text"
      },
      {
      "source_key_name":"image",
      "target_key_name":"image",
      "source_parent_name":"configuration.options",
      "target_parent_name":"options",
      "iterative": "yes",
      "para_tag":"no",
      "difference_in_index": "0",
      "data_type":"image"
      },
      {
      "source_key_name":"imageAlt",
      "target_key_name":"imageAlt",
      "source_parent_name":"configuration.options",
      "target_parent_name":"options",
      "iterative": "yes",
      "para_tag":"no",
      "difference_in_index": "0",
      "data_type":"text"
      },
      {
      "source_key_name":"startingOrderRight",
      "target_key_name":"startingOrderRight",
      "source_parent_name":"configuration.options",
      "target_parent_name":"options",
      "iterative": "yes",
      "para_tag":"no",
      "difference_in_index": "0",
      "data_type":"text"
      },
      {
      "source_key_name":"matchingText",
      "target_key_name":"matchingText",
      "source_parent_name":"configuration.options",
      "target_parent_name":"options",
      "iterative": "yes",
      "para_tag":"no",
      "difference_in_index": "0",
      "data_type":"text"
      },
      {
      "source_key_name":"matchingImage",
      "target_key_name":"matchingImage",
      "source_parent_name":"configuration.options",
      "target_parent_name":"options",
      "iterative": "yes",
      "para_tag":"no",
      "difference_in_index": "0",
      "data_type":"image"
      },
      {
      "source_key_name":"matchingImageAlt",
      "target_key_name":"matchingImageAlt",
      "source_parent_name":"configuration.options",
      "target_parent_name":"options",
      "iterative": "yes",
      "para_tag":"no",
      "difference_in_index": "0",
      "data_type":"text"
      },

      {
        "source_key_name":"attempts",
        "target_key_name":"MaxAttempts",
        "source_parent_name":"configuration.feedBack",
        "target_parent_name":"",
        "iterative": "no",
        "para_tag":"no",
        "difference_in_index": "0",
        "data_type":"text"
      },
      {
        "source_key_name":"firstWrongHint",
        "target_key_name":"IncorrectFeedback",
        "source_parent_name":"configuration.feedBack",
        "target_parent_name":"",
        "iterative": "no",
        "para_tag":"yes",
        "difference_in_index": "0",
        "data_type":"text"
      },
      {
        "source_key_name":"firstWrongHint",
        "target_key_name":"PartiallyCorrectFeedback",
        "source_parent_name":"configuration.feedBack",
        "target_parent_name":"",
        "iterative": "no",
        "para_tag":"yes",
        "difference_in_index": "0",
        "data_type":"text"
      },
      {
        "source_key_name":"finalWrongHint",
        "target_key_name":"CorrectFeedback",
        "source_parent_name":"configuration.feedBack",
        "target_parent_name":"",
        "iterative": "no",
        "para_tag":"yes",
        "difference_in_index": "0",
        "data_type":"text"
      },
      {
        "source_key_name":"finalWrongHint",
        "target_key_name":"FinalIncorrectFeedback",
        "source_parent_name":"configuration.feedBack",
        "target_parent_name":"",
        "iterative": "no",
        "para_tag":"yes",
        "difference_in_index": "0",
        "data_type":"text"
      },
      {
        "source_key_name":"lineType",
        "target_key_name":"lineType",
        "source_parent_name":"configuration",
        "target_parent_name":"",
        "iterative": "no",
        "para_tag":"no",
        "difference_in_index": "0",
        "data_type":"text"
      },
      {
        "source_key_name":"firstTimeLoaded",
        "target_key_name":"firstTimeLoaded",
        "source_parent_name":"configuration",
        "target_parent_name":"",
        "iterative": "no",
        "para_tag":"no",
        "difference_in_index": "0",
        "data_type":"text"
      }

      ]
    }
