{
  "configuration": {
    "name": "widget_06584223734687615",
    "title": "",
    "stem": "<strong>5.</strong> Match each physical adaptation to the description of the turtle&rsquo;s adaptations.",
    "stemImage": "../../../../img/cards/3_cnlese813847_1534a.jpg",
    "stemImageShown": true,
    "feedBack": {
      "attempts": "2",
      "firstWrongHint": "Try matching the description to the physical adaptation.",
      "finalWrongHint": "The hard shell prevents predators from eating it. Strong jaws help eat through tough grasses. The period of inactivity saves energy.",
      "correctHint": ""
    },
    "options": [
      {
        "image": "",
        "id": "1",
        "startingOrderLeft": "1",
        "startingOrderRight": 3,
        "text": "hard shell",
        "matchingText": "prevents predators from eating it",
        "matchingImage": "",
        "imageCaptionImage": "",
        "imageCaptionMatchingImage": ""
      },
      {
        "image": "",
        "id": "2",
        "startingOrderLeft": "2",
        "startingOrderRight": "2",
        "text": "strong jaws",
        "matchingText": "uses to eat tough grasses",
        "matchingImage": "",
        "imageCaptionImage": "",
        "imageCaptionMatchingImage": ""
      },
      {
        "image": "",
        "id": "3",
        "startingOrderLeft": "3",
        "startingOrderRight": 1,
        "text": "period of inactivity",
        "matchingText": "saves energy when food is not available ",
        "matchingImage": "",
        "imageCaptionImage": "",
        "imageCaptionMatchingImage": ""
      }
    ],
    "voiceOver": "",
    "tipText": "",
    "downloadLink": "",
    "instantFeedback": false,
    "teacherAnswer": "",
    "lineType": "text",
    "firstTimeLoaded": true,
    "questionImage": ""
  }
}
