{
  "ActivityTitle": "",
  "QuestionStem": "<p class=\"quill-source-editor\"><strong>5.</strong> Match each physical adaptation to the description of the turtle&rsquo;s adaptations.</p>",
  "VOIntro": "",
  "Tip": "",
  "Summary": "",
  "options": [
    {
      "id": "1",
      "startingOrderLeft": "1",
      "text": "hard shell",
      "image": "",
      "imageCaption": "",
      "imageCredits": "",
      "startingOrderRight": 3,
      "matchingText": "prevents predators from eating it",
      "matchingImage": "",
      "matchingImageCaption": "",
      "matchingImageCredits": "",
      "imageAlt": "",
      "matchingImageAlt": ""
    },
    {
      "id": "2",
      "startingOrderLeft": "2",
      "text": "strong jaws",
      "image": "",
      "imageCaption": "",
      "imageCredits": "",
      "startingOrderRight": "2",
      "matchingText": "uses to eat tough grasses",
      "matchingImage": "",
      "matchingImageCaption": "",
      "matchingImageCredits": "",
      "imageAlt": "",
      "matchingImageAlt": ""
    },
    {
      "id": "3",
      "startingOrderLeft": "3",
      "text": "period of inactivity",
      "image": "",
      "imageCaption": "",
      "imageCredits": "",
      "startingOrderRight": 1,
      "matchingText": "saves energy when food is not available ",
      "matchingImage": "",
      "matchingImageCaption": "",
      "matchingImageCredits": "",
      "imageAlt": "",
      "matchingImageAlt": ""
    }
  ],
  "Stimulus": {
    "image": {
      "src": "../../../../../img/cards/3_cnlese813847_1534a.jpg",
      "altText": "",
      "credits": ""
    },
    "text": {
      "src": ""
    },
    "audio": {
      "src": "",
      "caption": "",
      "credit": ""
    },
    "video": {
      "src": ""
    }
  },
  "lineType": "text",
  "firstTimeLoaded": true,
  "hasImageOptions": true,
  "optionsAreImages": true,
  "optionsType": "text",
  "CorrectCannedResponse": "<p class=\"quill-source-editor\">Well Done.</p>",
  "CorrectFeedback": "<p class=\"quill-source-editor\">The hard shell prevents predators from eating it. Strong jaws help eat through tough grasses. The period of inactivity saves energy.</p>",
  "PartiallyCannedResponse": "<p class=\"quill-source-editor\">That's not it.</p>",
  "PartiallyCorrectFeedback": "<p class=\"quill-source-editor\">Try matching the description to the physical adaptation.</p>",
  "IncorrectCannedResponse": "<p class=\"quill-source-editor\">That's not it.</p>",
  "IncorrectFeedback": "<p class=\"quill-source-editor\">Try matching the description to the physical adaptation.</p>",
  "FinalIncorrectCannedResponse": "<p class=\"quill-source-editor\">That’s not it.</p>",
  "FinalIncorrectFeedback": "<p class=\"quill-source-editor\">The hard shell prevents predators from eating it. Strong jaws help eat through tough grasses. The period of inactivity saves energy.</p>",
  "CorrectVOFeedback": "",
  "PartiallyCorrectVOFeedback": "",
  "IncorrectVOFeedback": "",
  "FinalIncorrectVOFeedback": "",
  "AudioFromRCE": true,
  "isPracticeInteraction": true,
  "qtype": "line",
  "AllowFullScreen": true,
  "AllowRefresh": true,
  "ShowAnswerOption": true,
  "SubmitToTeacherOption": false,
  "hasInstantFeedback": false,
  "instantFeedbackAllowed": false,
  "MaxAttempts": "2",
  "audioFile": "../../audio/manifests/config.json",
  "audioSchema": "line_matching_audio_schema.json",
  "hasCustomAttempts": true
}
