{
  "configuration": {
    "name": "widget_0001614871572430454",
    "title": "",
    "stem": "How is the technology being used?",
    "stemImage": "",
    "stemImageShown": false,
    "feedBack": {
      "attempts": "2",
      "firstWrongHint": "That’s not it. Look at the technology in each picture. Think about what problem it could solve. Try again.",
      "finalWrongHint": "That’s not it. The children in the pictures are using a pencil to write with and a tablet to read a book. An adult is using a microwave to cook food.",
      "correctHint": "Well done! The children in the pictures are using a pencil to write with and a tablet to read a book. An adult is using a microwave to cook food."
    },
    "options": [
      {
        "image": "../../../../../img/cards/k_cnlese813816_2121p.jpg",
        "id": 1,
        "startingOrderLeft": "1",
        "startingOrderRight": 3,
        "text": "",
        "matchingText": "",
        "matchingImage": "../../../../../img/cards/k_cnlese813816_2120p.jpg"
      },
      {
        "image": "../../../../../img/cards/k_cnlese813816_1582p.jpg",
        "id": 2,
        "startingOrderLeft": "2",
        "startingOrderRight": 1,
        "text": "",
        "matchingText": "",
        "matchingImage": "../../../../../img/cards/k_cnlese813816_1581p.jpg"
      },
      {
        "image": "../../../../../img/cards/k_cnlese813816_1584p.jpg",
        "id": 3,
        "matchingImage": "../../../../../img/cards/k_cnlese813816_1583p.jpg",
        "text": "",
        "matchingText": "",
        "startingOrderLeft": 3,
        "startingOrderRight": 2,
        "matchingImageAlt": "This is a picture of a tablet computer."
      }
    ],
    "voiceOver": "Match the technology to how it is being used. ",
    "tipText": "",
    "downloadLink": "",
    "instantFeedback": false,
    "teacherAnswer": "",
    "lineType": "image",
    "questionImage": ""
  }
}
