{
  "ActivityTitle": "",
  "QuestionStem": "<p class=\"quill-source-editor\">How is the technology being used?</p>",
  "VOIntro": "Match the technology to how it is being used. ",
  "Tip": "",
  "Summary": "",
  "options": [
    {
      "id": 1,
      "startingOrderLeft": "1",
      "text": "",
      "image": "../../../../../img/cards/k_cnlese813816_2121p.jpg",
      "imageCaption": "",
      "imageCredits": "",
      "startingOrderRight": 3,
      "matchingText": "",
      "matchingImage": "../../../../../img/cards/k_cnlese813816_2120p.jpg",
      "matchingImageCaption": "",
      "matchingImageCredits": "",
      "imageAlt": "",
      "matchingImageAlt": ""
    },
    {
      "id": 2,
      "startingOrderLeft": "2",
      "text": "",
      "image": "../../../../../img/cards/k_cnlese813816_1582p.jpg",
      "imageCaption": "",
      "imageCredits": "",
      "startingOrderRight": 1,
      "matchingText": "",
      "matchingImage": "../../../../../img/cards/k_cnlese813816_1581p.jpg",
      "matchingImageCaption": "",
      "matchingImageCredits": "",
      "imageAlt": "",
      "matchingImageAlt": ""
    },
    {
      "id": 3,
      "startingOrderLeft": 3,
      "text": "",
      "image": "../../../../../img/cards/k_cnlese813816_1584p.jpg",
      "imageCaption": "",
      "imageCredits": "",
      "startingOrderRight": 2,
      "matchingText": "",
      "matchingImage": "../../../../../img/cards/k_cnlese813816_1583p.jpg",
      "matchingImageCaption": "",
      "matchingImageCredits": "",
      "imageAlt": "",
      "matchingImageAlt": "This is a picture of a tablet computer."
    }
  ],
  "Stimulus": {
    "image": {
      "src": "",
      "altText": "",
      "credits": ""
    },
    "text": {
      "src": ""
    },
    "audio": {
      "src": "",
      "caption": "",
      "credit": ""
    },
    "video": {
      "src": ""
    }
  },
  "lineType": "image",
  "hasImageOptions": true,
  "optionsAreImages": true,
  "optionsType": "text",
  "CorrectCannedResponse": "",
  "CorrectFeedback": "",
  "PartiallyCannedResponse": "",
  "PartiallyCorrectFeedback": "",
  "IncorrectCannedResponse": "",
  "IncorrectFeedback": "",
  "FinalIncorrectCannedResponse": "",
  "FinalIncorrectFeedback": "",
  "CorrectVOFeedback": "Well done! The children in the pictures are using a pencil to write with and a tablet to read a book. An adult is using a microwave to cook food.",
  "PartiallyCorrectVOFeedback": "That’s not it. Look at the technology in each picture. Think about what problem it could solve. Try again.",
  "IncorrectVOFeedback": "That’s not it. Look at the technology in each picture. Think about what problem it could solve. Try again.",
  "FinalIncorrectVOFeedback": "That’s not it. The children in the pictures are using a pencil to write with and a tablet to read a book. An adult is using a microwave to cook food.",
  "AudioFromRCE": true,
  "isPracticeInteraction": true,
  "qtype": "line",
  "AllowFullScreen": true,
  "AllowRefresh": true,
  "ShowAnswerOption": true,
  "SubmitToTeacherOption": false,
  "hasInstantFeedback": false,
  "instantFeedbackAllowed": false,
  "MaxAttempts": 2,
  "audioFile": "../../audio/manifests/config.json",
  "audioSchema": "line_matching_audio_schema.json",
  "moduleVersion": "2.8.1",
  "hasCustomAttempts": true
}
