{
  "configuration": {
    "name": "widget_025447409019914957",
    "title": "",
    "stem": "Complete the paragraph to compare the limb bones&nbsp;of different organisms.",
    "stemImage": "",
    "stemImageShown": false,
    "feedBack": {
      "attempts": "2",
      "firstWrongHint": "Look again at the figure and compare the bones’ structure and the ways they are connected to each other. ",
      "finalWrongHint": "Differences between the forelimbs include bone size and shape and the function of the limb.",
      "correctHint": ""
    },
    "options": [
      {
        "image": "",
        "id": "Option1",
        "label": "Option 1",
        "dropdown": [
          {
            "name": "mc-opt-item-028151441155932844",
            "value": "similar",
            "isCorrect": true,
            "hint": ""
          },
          {
            "name": "mc-opt-item-028151441155932845",
            "value": "different",
            "isCorrect": false,
            "hint": ""
          }
        ]
      },
      {
        "image": "",
        "id": "Option2",
        "dropdown": [
          {
            "name": "mc-opt-item-023338549203869996",
            "value": "close",
            "isCorrect": true,
            "hint": ""
          },
          {
            "name": "mc-opt-item-06254032305794652",
            "value": "distant",
            "isCorrect": false,
            "hint": ""
          }
        ]
      },
      {
        "image": "",
        "id": "Option3",
        "dropdown": [
          {
            "name": "mc-opt-item-0006242114112196218",
            "value": "form",
            "isCorrect": true,
            "hint": ""
          },
          {
            "name": "mc-opt-item-05352406191392529",
            "value": "color",
            "isCorrect": false,
            "hint": ""
          }
        ]
      },
      {
        "image": "",
        "id": "Option4",
        "dropdown": [
          {
            "name": "mc-opt-item-07461190595739808",
            "value": "function",
            "isCorrect": true,
            "hint": ""
          },
          {
            "name": "mc-opt-item-06441197735262041",
            "value": "age",
            "isCorrect": false,
            "hint": ""
          }
        ]
      }
    ],
    "voiceOver": "",
    "tipText": "",
    "downloadLink": "",
    "instantFeedback": false,
    "teacherAnswer": "",
    "inputType": "single",
    "paragraph": "These limb bones have <<Option1>> overall patterns of bones which can indicate a <<Option2>> evolutionary relationship. However, the limb bones are different sizes and shapes. For example, the \"finger\" bones, shown in light blue and pink, are different in each animal. The <<Option3>> of the bones can help you identify the <<Option4>> of the limb.",
    "questionImage": ""
  }
}