{
    "ActivityTitle": "",
    "QuestionStem": "<p class=\"quill-source-editor\">Complete the paragraph to compare the limb bones&nbsp;of different organisms.</p>",
    "VOIntro": "",
    "Tip": "",
    "Summary": "",
    "options": [
      {
        "PreQuestion": "These limb bones have ",
        "PostQuestion": "",
        "value": "Option1",
        "CorrectAnswer": 0,
        "Paragraph": false,
        "dropdownOptions": [
          "<p class=\"quill-source-editor\">similar</p>",
          "<p class=\"quill-source-editor\">different</p>"
        ],
        "_tempDropdownOptions": [
          {
            "tempId": "mc-opt-item-028151441155932844",
            "value": "<p class=\"quill-source-editor\">similar</p>",
            "correctAnswer": true
          },
          {
            "tempId": "mc-opt-item-028151441155932845",
            "value": "<p class=\"quill-source-editor\">different</p>",
            "correctAnswer": false
          }
        ]
      },
      {
        "PreQuestion": " overall patterns of bones which can indicate a ",
        "PostQuestion": "",
        "value": "Option2",
        "CorrectAnswer": 0,
        "Paragraph": false,
        "dropdownOptions": [
          "<p class=\"quill-source-editor\">close</p>",
          "<p class=\"quill-source-editor\">distant</p>"
        ],
        "_tempDropdownOptions": [
          {
            "tempId": "mc-opt-item-023338549203869996",
            "value": "<p class=\"quill-source-editor\">close</p>",
            "correctAnswer": true
          },
          {
            "tempId": "mc-opt-item-06254032305794652",
            "value": "<p class=\"quill-source-editor\">distant</p>",
            "correctAnswer": false
          }
        ]
      },
      {
        "PreQuestion": " evolutionary relationship. However, the limb bones are different sizes and shapes. For example, the \"finger\" bones, shown in light blue and pink, are different in each animal. The ",
        "PostQuestion": "",
        "value": "Option3",
        "CorrectAnswer": 0,
        "Paragraph": false,
        "dropdownOptions": [
          "<p class=\"quill-source-editor\">form</p>",
          "<p class=\"quill-source-editor\">color</p>"
        ],
        "_tempDropdownOptions": [
          {
            "tempId": "mc-opt-item-0006242114112196218",
            "value": "<p class=\"quill-source-editor\">form</p>",
            "correctAnswer": true
          },
          {
            "tempId": "mc-opt-item-05352406191392529",
            "value": "<p class=\"quill-source-editor\">color</p>",
            "correctAnswer": false
          }
        ]
      },
      {
        "PreQuestion": " of the bones can help you identify the ",
        "PostQuestion": " of the limb.",
        "value": "Option4",
        "CorrectAnswer": 0,
        "Paragraph": false,
        "dropdownOptions": [
          "<p class=\"quill-source-editor\">function</p>",
          "<p class=\"quill-source-editor\">age</p>"
        ],
        "_tempDropdownOptions": [
          {
            "tempId": "mc-opt-item-07461190595739808",
            "value": "<p class=\"quill-source-editor\">function</p>",
            "correctAnswer": true
          },
          {
            "tempId": "mc-opt-item-06441197735262041",
            "value": "<p class=\"quill-source-editor\">age</p>",
            "correctAnswer": false
          }
        ]
      }
    ],
    "CorrectCannedResponse": "<p class=\"quill-source-editor\">Well Done.</p>",
    "CorrectFeedback": "<p class=\"quill-source-editor\">Differences between the forelimbs include bone size and shape and the function of the limb.</p>",
    "PartiallyCannedResponse": "<p class=\"quill-source-editor\">That's not it.</p>",
    "PartiallyCorrectFeedback": "<p class=\"quill-source-editor\">Look again at the figure and compare the bones’ structure and the ways they are connected to each other. </p>",
    "IncorrectCannedResponse": "<p class=\"quill-source-editor\">That's not it.</p>",
    "IncorrectFeedback": "<p class=\"quill-source-editor\">Look again at the figure and compare the bones’ structure and the ways they are connected to each other. </p>",
    "FinalIncorrectCannedResponse": "<p class=\"quill-source-editor\">That’s not it.</p>",
    "FinalIncorrectFeedback": "<p class=\"quill-source-editor\">Differences between the forelimbs include bone size and shape and the function of the limb.</p>",
    "CorrectVOFeedback": "",
    "PartiallyCorrectVOFeedback": "",
    "IncorrectVOFeedback": "",
    "FinalIncorrectVOFeedback": "",
    "AudioFromRCE": true,
    "qtype": "multiple",
    "AllowFullScreen": true,
    "AllowRefresh": true,
    "ShowAnswerOption": true,
    "SubmitToTeacherOption": false,
    "hasInstantFeedback": false,
    "hasCustomAttempts": true,
    "MaxAttempts": 2,
    "Stimulus": {
      "image": {
        "src": "",
        "credits": ""
      },
      "text": {
        "src": ""
      },
      "audio": {
        "src": "",
        "caption": "",
        "credit": ""
      },
      "video": {
        "src": ""
      }
    },
    "audioFile": "../../../../captions/audio/4698f2180a4d4a95bf29a1d94a7a40ab.json",
    "audioSchema": "drop_down_audio_schema.json"
  }