{
  "configuration": {
    "title": "A Design Process",
    "stem": "",
    "voiceOver": "A design process is a set of five steps that engineers follow to solve problems. Choose each step to review a design process you explored in this lesson.",
    "stemImageShown": false,
    "collectVoiceOver": true,
    "ommitFeedback": true,
    "showArrows": true,
    "revealDirection": "vertical",
    "questionImage": "",
    "imageCaption": "",
    "showImage": true,
    "layout": "4-steps",
    "options": [
      {
        "pressed": false,
        "active": false,
        "revealed": false,
        "revealOnDefault": false,
        "voiceOver": "Step one—define a problem. Observe and ask questions to define a problem.",
        "itemImage": "",
        "revealText": "Define a Problem",
        "revealImage": "",
        "buttonText": "Step 1",
        "dummy": false
      },
      {
        "pressed": false,
        "active": false,
        "revealed": false,
        "revealOnDefault": false,
        "voiceOver": "Step two—plan and build. Make a plan to solve the problem. Use your plan to build a model.",
        "itemImage": "",
        "revealText": "Plan and Build",
        "revealImage": "",
        "buttonText": "Step 2",
        "dummy": false
      },
      {
        "pressed": false,
        "active": false,
        "revealed": false,
        "revealOnDefault": false,
        "voiceOver": "Step three—test and improve. Test your design to see how it works. Then think of ways to make it better.",
        "itemImage": "",
        "revealText": "Test and Improve",
        "revealImage": "",
        "buttonText": "Step 3",
        "dummy": false
      },
      {
        "voiceOver": "Step four—redesign. When you redesign something, you design it again to make it better.\nStep five—communicate. When you communicate, you share with others what you did.",
        "revealVoiceOver": "",
        "revealImage": "",
        "itemImage": "",
        "pressed": false,
        "active": false,
        "revealed": false,
        "dummy": false,
        "revealOnDefault": false,
        "buttonText": "Step 4–5",
        "revealText": "Redesign and Communicate"
      }
    ],
    "stemImage": ""
  }
}
