{
  "ActivityTitle": "<p class=\"quill-source-editor\">A Design Process</p>",
  "QuestionStem": "",
  "Tip": "",
  "Summary": "",
  "Stimulus": {
    "image": {
      "src": "",
      "altText": "",
      "credits": ""
    },
    "text": {
      "src": ""
    },
    "audio": {
      "src": "",
      "caption": "",
      "credit": ""
    },
    "video": {
      "src": ""
    }
  },
  "containerType": "main",
  "options": [
    {
      "id": "Step 1",
      "content": "Define a Problem",
      "imgSrc": "",
      "reveal": false,
      "hide": true
    },
    {
      "id": "Step 2",
      "content": "Plan and Build",
      "imgSrc": "",
      "reveal": false,
      "hide": true
    },
    {
      "id": "Step 3",
      "content": "Test and Improve",
      "imgSrc": "",
      "reveal": false,
      "hide": true
    },
    {
      "id": "Step 4–5",
      "content": "Redesign and Communicate",
      "imgSrc": "",
      "reveal": false,
      "hide": true
    }
  ],
  "isPracticeInteraction": false,
  "optionsAreImages": false,
  "AllowFullScreen": true,
  "AllowRefresh": true,
  "audioFile": "../../audio/manifests/config.json",
  "audioSchema": "reveal_audio_schema.json",
  "SummaryAltText": ""
}
