{
  "type": "NGSS",
  "contentId": "",
  "playlists": [
    {
      "id": "final-incorrect-feedback",
      "trackIds": [
        "not-it"
      ]
    },
    {
      "id": "incorrect-feedback",
      "trackIds": [
        "not-it",
        "wrong"
      ]
    },
    {
      "id": "correct-feedback",
      "trackIds": [
        "correct",
        "final-wrong"
      ]
    },
    {
      "id": "correct-answer-shown",
      "trackIds": [
        "correct-shown",
        "final-wrong"
      ]
    },
    {
      "id": "intro",
      "trackIds": [
        "title",
        "stem",
        "tableHeader",
        "column-0",
        "column-1",
        "column-2",
        "label-0-0",
        "label-0-1",
        "label-0-2",
        "draggable-0",
        "draggable-1",
        "draggable-2"
      ]
    }
  ],
  "tracks": [
    {
      "id": "not-it",
      "clipBegin": "00:00:00.000",
      "clipEnd": "00:00:01.280",
      "src": "../../../captions/audio/ed3d96638a7a4e63a286ad55f3eed4fa.mp3"
    },
    {
      "id": "correct",
      "clipBegin": "00:00:01.280",
      "clipEnd": "00:00:02.508",
      "src": "../../../captions/audio/ed3d96638a7a4e63a286ad55f3eed4fa.mp3"
    },
    {
      "id": "correct-shown",
      "clipBegin": "00:00:02.509",
      "clipEnd": "00:00:04.259",
      "src": "../../../captions/audio/ed3d96638a7a4e63a286ad55f3eed4fa.mp3"
    },
    {
      "id": "wrong",
      "clipBegin": "00:00:04.260",
      "clipEnd": "00:00:06.742",
      "src": "../../../captions/audio/ed3d96638a7a4e63a286ad55f3eed4fa.mp3"
    },
    {
      "id": "final-wrong",
      "clipBegin": "00:00:06.743",
      "clipEnd": "00:00:17.924",
      "src": "../../../captions/audio/ed3d96638a7a4e63a286ad55f3eed4fa.mp3"
    },
    {
      "id": "title",
      "clipBegin": "00:00:17.925",
      "clipEnd": "00:00:17.925",
      "src": "../../../captions/audio/ed3d96638a7a4e63a286ad55f3eed4fa.mp3"
    },
    {
      "id": "stem",
      "clipBegin": "00:00:17.926",
      "clipEnd": "00:00:33.547",
      "src": "../../../captions/audio/ed3d96638a7a4e63a286ad55f3eed4fa.mp3"
    },
    {
      "id": "tableHeader",
      "clipBegin": "00:00:33.548",
      "clipEnd": "00:00:33.548",
      "src": "../../../captions/audio/ed3d96638a7a4e63a286ad55f3eed4fa.mp3"
    },
    {
      "id": "column-0",
      "clipBegin": "00:00:33.549",
      "clipEnd": "00:00:36.657",
      "src": "../../../captions/audio/ed3d96638a7a4e63a286ad55f3eed4fa.mp3"
    },
    {
      "id": "column-1",
      "clipBegin": "00:00:36.658",
      "clipEnd": "00:00:38.043",
      "src": "../../../captions/audio/ed3d96638a7a4e63a286ad55f3eed4fa.mp3"
    },
    {
      "id": "column-2",
      "clipBegin": "00:00:38.044",
      "clipEnd": "00:00:40.264",
      "src": "../../../captions/audio/ed3d96638a7a4e63a286ad55f3eed4fa.mp3"
    },
    {
      "id": "label-0-0",
      "clipBegin": "00:00:40.265",
      "clipEnd": "00:00:41.336",
      "src": "../../../captions/audio/ed3d96638a7a4e63a286ad55f3eed4fa.mp3"
    },
    {
      "id": "label-0-1",
      "clipBegin": "00:00:41.337",
      "clipEnd": "00:00:44.890",
      "src": "../../../captions/audio/ed3d96638a7a4e63a286ad55f3eed4fa.mp3"
    },
    {
      "id": "label-0-2",
      "clipBegin": "00:00:44.891",
      "clipEnd": "00:00:44.891",
      "src": "../../../captions/audio/ed3d96638a7a4e63a286ad55f3eed4fa.mp3"
    },
    {
      "id": "draggable-0",
      "clipBegin": "00:00:44.892",
      "clipEnd": "00:00:45.885",
      "src": "../../../captions/audio/ed3d96638a7a4e63a286ad55f3eed4fa.mp3"
    },
    {
      "id": "draggable-1",
      "clipBegin": "00:00:45.886",
      "clipEnd": "00:00:46.617",
      "src": "../../../captions/audio/ed3d96638a7a4e63a286ad55f3eed4fa.mp3"
    },
    {
      "id": "draggable-2",
      "clipBegin": "00:00:46.618",
      "clipEnd": "00:00:47.271",
      "src": "../../../captions/audio/ed3d96638a7a4e63a286ad55f3eed4fa.mp3"
    }
  ]
}
