{
  "type": "ExpLib_Drag_Drop_Table",
  "contentId": "",
  "playlists": [
    {
      "id": "start",
      "trackIds": [
        "ActivityTitle",
        "QuestionStem",
        "Stimulus",
        "TableHeader",
        "Options-0",
        "Options-1",
        "Options-2"
      ]
    },
    {
      "id": "tip",
      "trackIds": [
        "Tip"
      ]
    },
    {
      "id": "headers-0",
      "trackIds": [
        "Headers-0"
      ]
    },
    {
      "id": "headers-1",
      "trackIds": [
        "Headers-1"
      ]
    },
    {
      "id": "headers-2",
      "trackIds": [
        "Headers-2"
      ]
    },
    {
      "id": "options-0",
      "trackIds": [
        "Options-0"
      ]
    },
    {
      "id": "options-1",
      "trackIds": [
        "Options-1"
      ]
    },
    {
      "id": "options-2",
      "trackIds": [
        "Options-2"
      ]
    },
    {
      "id": "Correct",
      "trackIds": [
        "CorrectCannedResponse",
        "CorrectFeedback"
      ]
    },
    {
      "id": "PartiallyCorrect",
      "trackIds": [
        "PartiallyCannedResponse",
        "PartiallyCorrectFeedback"
      ]
    },
    {
      "id": "Incorrect",
      "trackIds": [
        "IncorrectCannedResponse",
        "IncorrectFeedback"
      ]
    },
    {
      "id": "FinalIncorrect",
      "trackIds": [
        "FinalIncorrectCannedResponse",
        "FinalIncorrectFeedback"
      ]
    }
  ],
  "tracks": [
    {
      "id": "ActivityTitle",
      "clipBegin": "00:00:17.925",
      "clipEnd": "00:00:17.926",
      "src": "../../../../captions/audio/ed3d96638a7a4e63a286ad55f3eed4fa.mp3"
    },
    {
      "id": "QuestionStem",
      "clipBegin": "00:00:17.926",
      "clipEnd": "00:00:33.547",
      "src": "../../../../captions/audio/ed3d96638a7a4e63a286ad55f3eed4fa.mp3"
    },
    {
      "id": "Stimulus",
      "clipBegin": "00:00:00.000",
      "clipEnd": "00:00:00.001",
      "src": "../../../../captions/audio/ed3d96638a7a4e63a286ad55f3eed4fa.mp3"
    },
    {
      "id": "Tip",
      "clipBegin": "00:00:00.000",
      "clipEnd": "00:00:00.001",
      "src": "../../../../captions/audio/ed3d96638a7a4e63a286ad55f3eed4fa.mp3"
    },
    {
      "id": "TableHeader",
      "clipBegin": "00:00:33.548",
      "clipEnd": "00:00:33.549",
      "src": "../../../../captions/audio/ed3d96638a7a4e63a286ad55f3eed4fa.mp3"
    },
    {
      "id": "Headers-0",
      "clipBegin": "00:00:33.549",
      "clipEnd": "00:00:36.657",
      "src": "../../../../captions/audio/ed3d96638a7a4e63a286ad55f3eed4fa.mp3"
    },
    {
      "id": "Headers-1",
      "clipBegin": "00:00:36.658",
      "clipEnd": "00:00:38.043",
      "src": "../../../../captions/audio/ed3d96638a7a4e63a286ad55f3eed4fa.mp3"
    },
    {
      "id": "Headers-2",
      "clipBegin": "00:00:38.044",
      "clipEnd": "00:00:40.264",
      "src": "../../../../captions/audio/ed3d96638a7a4e63a286ad55f3eed4fa.mp3"
    },
    {
      "id": "Options-0",
      "clipBegin": "00:00:44.892",
      "clipEnd": "00:00:45.885",
      "src": "../../../../captions/audio/ed3d96638a7a4e63a286ad55f3eed4fa.mp3"
    },
    {
      "id": "Options-1",
      "clipBegin": "00:00:45.886",
      "clipEnd": "00:00:46.617",
      "src": "../../../../captions/audio/ed3d96638a7a4e63a286ad55f3eed4fa.mp3"
    },
    {
      "id": "Options-2",
      "clipBegin": "00:00:46.618",
      "clipEnd": "00:00:47.271",
      "src": "../../../../captions/audio/ed3d96638a7a4e63a286ad55f3eed4fa.mp3"
    },
    {
      "id": "CorrectCannedResponse",
      "clipBegin": "00:00:01.280",
      "clipEnd": "00:00:02.508",
      "src": "../../../../captions/audio/ed3d96638a7a4e63a286ad55f3eed4fa.mp3"
    },
    {
      "id": "CorrectFeedback",
      "clipBegin": "00:00:06.743",
      "clipEnd": "00:00:17.924",
      "src": "../../../../captions/audio/ed3d96638a7a4e63a286ad55f3eed4fa.mp3"
    },
    {
      "id": "PartiallyCannedResponse",
      "clipBegin": "00:00:00.000",
      "clipEnd": "00:00:01.280",
      "src": "../../../../captions/audio/ed3d96638a7a4e63a286ad55f3eed4fa.mp3"
    },
    {
      "id": "PartiallyCorrectFeedback",
      "clipBegin": "00:00:04.260",
      "clipEnd": "00:00:06.742",
      "src": "../../../../captions/audio/ed3d96638a7a4e63a286ad55f3eed4fa.mp3"
    },
    {
      "id": "IncorrectCannedResponse",
      "clipBegin": "00:00:00.000",
      "clipEnd": "00:00:01.280",
      "src": "../../../../captions/audio/ed3d96638a7a4e63a286ad55f3eed4fa.mp3"
    },
    {
      "id": "IncorrectFeedback",
      "clipBegin": "00:00:04.260",
      "clipEnd": "00:00:06.742",
      "src": "../../../../captions/audio/ed3d96638a7a4e63a286ad55f3eed4fa.mp3"
    },
    {
      "id": "FinalIncorrectCannedResponse",
      "clipBegin": "00:00:00.000",
      "clipEnd": "00:00:01.280",
      "src": "../../../../captions/audio/ed3d96638a7a4e63a286ad55f3eed4fa.mp3"
    },
    {
      "id": "FinalIncorrectFeedback",
      "clipBegin": "00:00:06.743",
      "clipEnd": "00:00:17.924",
      "src": "../../../../captions/audio/ed3d96638a7a4e63a286ad55f3eed4fa.mp3"
    }
  ]
}
