{
  "configuration": {
    "name": "widget_05232570626375883",
    "title": "",
    "stem": "Which picture shows a girl testing her design for a toy?",
    "stemImage": "",
    "stemImageShown": false,
    "feedBack": {
      "attempts": "2",
      "firstWrongHint": "",
      "finalWrongHint": "Not quite. She is blowing air through the straw to test her design. In the other pictures she is making observations and building her design. ",
      "correctHint": ""
    },
    "options": [
      {
        "image": "../../../../../img/cards/k_cnlese813816_1841a.jpg",
        "capText": "",
        "showCapText": true,
        "showAlphaSequence": true,
        "voiceOver": "That’s not it. Testing a design is different from building. Try again.",
        "value": "1",
        "isCorrect": false,
        "imageAlt": "In this picture, a girl bends a plastic straw into an angle."
      },
      {
        "image": "../../../../../img/cards/k_cnlese813816_1837a.jpg",
        "capText": "",
        "showCapText": true,
        "showAlphaSequence": true,
        "voiceOver": "Well done! She is testing her design after she built it. ",
        "value": "2",
        "isCorrect": true,
        "imageAlt": "In this picture, a girl blows air through a straw into a funnel. Her breath makes a tiny paper ball float over the funnel. "
      },
      {
        "image": "../../../../../img/cards/k_cnlese813816_1842a.jpg",
        "name": "mc-opt-item-02317885721035038",
        "text": "",
        "capText": "",
        "showCapText": true,
        "showAlphaSequence": true,
        "value": "3",
        "isCorrect": false,
        "$$hashKey": "object:3",
        "hint": "",
        "id": "3",
        "voiceOver": "That’s not it. After you build something, you try it out. Try again.",
        "imageAlt": "In this picture, a girl crunches up paper into a tiny ball. "
      }
    ],
    "voiceOver": "Choose the picture that shows a girl testing her design for a toy.",
    "tipText": "",
    "downloadLink": "",
    "instantFeedback": false,
    "teacherAnswer": "",
    "questionImage": "",
    "inputType": "radio",
    "showAlphaSequence": "true",
    "hasImages": true,
    "collectVoiceOver": true,
    "layout": {
      "text": "Main",
      "value": "main"
    }
  }
}
