{
  "ActivityTitle": "",
  "QuestionStem": "<p class=\"quill-source-editor\">Which picture shows a girl testing her design for a toy?</p>",
  "VOIntro": "<p class=\"quill-source-editor\">Choose the picture that shows a girl testing her design for a toy.</p>",
  "Tip": "",
  "Summary": "",
  "options": [
    {
      "AnswerText": "",
      "CannedResponse": "",
      "Feedback": "",
      "ImageCaption": "A.  ",
      "ImageSrc": "../../../../../img/cards/k_cnlese813816_1841a.jpg",
      "ImageAlt": "In this picture, a girl bends a plastic straw into an angle.",
      "value": 0,
      "CorrectAnswer": false,
      "VOFeedback": "That’s not it. Testing a design is different from building. Try again."
    },
    {
      "AnswerText": "",
      "CannedResponse": "",
      "Feedback": "",
      "ImageCaption": "B.  ",
      "ImageSrc": "../../../../../img/cards/k_cnlese813816_1837a.jpg",
      "ImageAlt": "In this picture, a girl blows air through a straw into a funnel. Her breath makes a tiny paper ball float over the funnel. ",
      "value": 1,
      "CorrectAnswer": true,
      "VOFeedback": "Well done! She is testing her design after she built it. "
    },
    {
      "AnswerText": "",
      "CannedResponse": "",
      "Feedback": "",
      "ImageCaption": "C.  ",
      "ImageSrc": "../../../../../img/cards/k_cnlese813816_1842a.jpg",
      "ImageAlt": "In this picture, a girl crunches up paper into a tiny ball. ",
      "value": 2,
      "CorrectAnswer": false,
      "VOFeedback": "That’s not it. After you build something, you try it out. Try again."
    }
  ],
  "FinalCannedResponse": "",
  "FinalIncorrectFeedback": "",
  "FinalVOFeedback": "Not quite. She is blowing air through the straw to test her design. In the other pictures she is making observations and building her design. ",
  "AudioFromRCE": true,
  "qtype": "mcq",
  "AllowFullScreen": true,
  "AllowRefresh": true,
  "ShowAnswerOption": false,
  "SubmitToTeacherOption": false,
  "optionsAreImages": true,
  "hasInstantFeedback": false,
  "hasCustomAttempts": true,
  "MaxAttempts": 2,
  "Stimulus": {
    "image": {
      "src": "",
      "credits": ""
    },
    "text": {
      "src": ""
    },
    "audio": {
      "src": "",
      "caption": "",
      "credit": ""
    },
    "video": {
      "src": ""
    }
  },
  "audioFile": "../../audio/manifests/config.json",
  "audioSchema": "mcq_audio_schema.json"
}
